Angle of Attack [°],Lift [-],Drag [-],Pitch Input (Wet) [%],Pitch Input (Dry) [%],Torque (Wet) [kNm],Torque (Dry) [kNm]
-20,21.47,31.46,100,100,-1,-1
-19.2,19.51,31.32,100,100,-1,-1
-18.4,17.61,31.19,100,100,-1,-1
-17.6,15.78,31.05,100,100,-1,-1
-16.8,14.02,30.92,100,100,-1,-1
-16,12.37,30.78,100,100,-1,-1
-15.2,10.82,30.65,100,100,0,-1
-14.4,9.39,30.52,100,100,0,-1
-13.6,8.10,30.39,100,100,0,-1
-12.8,6.93,30.26,100,100,0,-1
-12,5.89,30.14,100,100,0,-1
-11.2,4.96,30.01,100,100,0,-1
-10.4,4.14,29.89,100,100,0,-1
-9.6,3.42,29.78,100,100,0,0
-8.799999,2.79,29.67,100,100,0,0
-7.999999,2.26,29.56,-100,100,0,0
-7.2,1.80,29.45,-100,100,0,0
-6.4,1.42,29.35,-100,100,0,0
-5.599999,1.10,29.25,-100,100,0,0
-4.8,0.83,29.15,-100,100,0,0
-4,0.62,29.06,-100,100,0,0
-3.2,0.44,28.97,-100,100,0,0
-2.4,0.30,28.89,-100,100,0,0
-1.6,0.18,28.81,-100,100,0,0
-0.7999996,0.08,28.73,-100,100,0,0
4.268868E-07,-0.02,28.66,-100,100,0,0
0.8000004,-0.10,28.73,-100,100,0,0
1.6,-0.16,28.81,-100,100,0,0
2.4,-0.22,28.89,-100,100,0,0
3.200001,-0.28,28.97,-100,100,0,0
4,-0.35,29.06,-100,100,0,0
4.800001,-0.44,29.16,-100,100,0,0
5.6,-0.56,29.25,-100,100,0,0
6.400001,-0.72,29.35,-100,100,0,0
7.2,-0.93,29.45,-100,100,0,0
8.000001,-1.20,29.56,100,100,0,0
8.8,-1.53,29.67,100,100,0,0
9.6,-1.94,29.78,100,100,0,0
10.4,-2.43,29.90,100,100,0,-1
11.2,-3.02,30.01,100,100,0,-1
12,-3.71,30.13,100,100,0,-1
12.8,-4.51,30.26,100,100,0,-1
13.6,-5.43,30.38,100,100,0,-1
14.4,-6.47,30.51,100,100,0,-1
15.2,-7.65,30.64,100,100,0,-1
16,-8.94,30.77,100,100,0,-1
16.8,-10.34,30.90,100,100,0,-1
17.6,-11.84,31.04,100,100,0,-1
18.4,-13.41,31.17,100,100,0,-1
19.2,-15.06,31.31,100,100,0,-1
20,-16.76,31.44,100,100,0,-1
