0.5,140,-5,0
0.5,140,0,0
0.5,140,5,0
0.5,145,-5,0
0.5,145,0,0
0.5,145,5,0
0.5,150,-5,7.59281015471359e-16
0.5,150,0,7.59281015471359e-16
0.5,150,5,7.59281015471359e-16
0.5,155,-5,3.1
0.5,155,0,3.1
0.5,155,5,3.1
0.5,160,-5,5.36935750346352
0.5,160,0,5.36935750346352
0.5,160,5,5.36935750346352
0.5,165,-5,6.2
0.5,165,0,6.2
0.5,165,5,6.2
0.5,170,-5,5.36935750346352
0.5,170,0,5.36935750346352
0.5,170,5,5.36935750346352
0.5,175,-5,3.1
0.5,175,0,3.1
0.5,175,5,3.1
0.5,180,-5,0
0.5,180,0,0
0.5,180,5,0
5,140,-5,0
5,140,0,0
5,140,5,0
5,145,-5,0
5,145,0,0
5,145,5,0
5,150,-5,7.59281015471359e-16
5,150,0,7.59281015471359e-16
5,150,5,7.59281015471359e-16
5,155,-5,3.1
5,155,0,3.1
5,155,5,3.1
5,160,-5,5.36935750346352
5,160,0,5.36935750346352
5,160,5,5.36935750346352
5,165,-5,6.2
5,165,0,6.2
5,165,5,6.2
5,170,-5,5.36935750346352
5,170,0,5.36935750346352
5,170,5,5.36935750346352
5,175,-5,3.1
5,175,0,3.1
5,175,5,3.1
5,180,-5,0
5,180,0,0
5,180,5,0
10,140,-5,0
10,140,0,0
10,140,5,0
10,145,-5,0
10,145,0,0
10,145,5,0
10,150,-5,7.59281015471359e-16
10,150,0,7.59281015471359e-16
10,150,5,7.59281015471359e-16
10,155,-5,3.1
10,155,0,3.1
10,155,5,3.1
10,160,-5,5.36935750346352
10,160,0,5.36935750346352
10,160,5,5.36935750346352
10,165,-5,6.2
10,165,0,6.2
10,165,5,6.2
10,170,-5,5.36935750346352
10,170,0,5.36935750346352
10,170,5,5.36935750346352
10,175,-5,3.1
10,175,0,3.1
10,175,5,3.1
10,180,-5,0
10,180,0,0
10,180,5,0
20,140,-5,0
20,140,0,0
20,140,5,0
20,145,-5,0
20,145,0,0
20,145,5,0
20,150,-5,7.59281015471359e-16
20,150,0,7.59281015471359e-16
20,150,5,7.59281015471359e-16
20,155,-5,3.1
20,155,0,3.1
20,155,5,3.1
20,160,-5,5.36935750346352
20,160,0,5.36935750346352
20,160,5,5.36935750346352
20,165,-5,6.2
20,165,0,6.2
20,165,5,6.2
20,170,-5,5.36935750346352
20,170,0,5.36935750346352
20,170,5,5.36935750346352
20,175,-5,3.1
20,175,0,3.1
20,175,5,3.1
20,180,-5,0
20,180,0,0
20,180,5,0
25,140,-5,0
25,140,0,0
25,140,5,0
25,145,-5,0
25,145,0,0
25,145,5,0
25,150,-5,7.59281015471359e-16
25,150,0,7.59281015471359e-16
25,150,5,7.59281015471359e-16
25,155,-5,3.1
25,155,0,3.1
25,155,5,3.1
25,160,-5,5.36935750346352
25,160,0,5.36935750346352
25,160,5,5.36935750346352
25,165,-5,6.2
25,165,0,6.2
25,165,5,6.2
25,170,-5,5.36935750346352
25,170,0,5.36935750346352
25,170,5,5.36935750346352
25,175,-5,3.1
25,175,0,3.1
25,175,5,3.1
25,180,-5,0
25,180,0,0
25,180,5,0
30,140,-5,0
30,140,0,0
30,140,5,0
30,145,-5,0
30,145,0,0
30,145,5,0
30,150,-5,7.59281015471359e-16
30,150,0,7.59281015471359e-16
30,150,5,7.59281015471359e-16
30,155,-5,3.1
30,155,0,3.1
30,155,5,3.1
30,160,-5,5.36935750346352
30,160,0,5.36935750346352
30,160,5,5.36935750346352
30,165,-5,6.2
30,165,0,6.2
30,165,5,6.2
30,170,-5,5.36935750346352
30,170,0,5.36935750346352
30,170,5,5.36935750346352
30,175,-5,3.1
30,175,0,3.1
30,175,5,3.1
30,180,-5,0
30,180,0,0
30,180,5,0
