0,-30,-15,8.1760755857351,5.15909910363933
0.2,-30,-15,8.14500846394963,3.52544459829767
0.4,-30,-15,8.06463894958755,2.14773667631678
0.6,-30,-15,7.93352771601951,1.46035893168704
0.8,-30,-15,7.74608010957178,1.00257129122687
0.85,-30,-15,7.68899380711716,0.938805460761325
0.9,-30,-15,8.47394401174164,0.899260762388379
1,-30,-15,11.6295270102131,1.06730989163416
1.1,-30,-15,12.8106704888931,1.25079767457557
1.4,-30,-15,11.5051909005474,0.90714049994529
2,-30,-15,7.18071838679985,0.750268582012449
3,-30,-15,6.46739891381475,0.600726611048602
5,-30,-15,6.12003294152977,0.495975111211945
0,-25,-15,7.55409361824765,4.10700899522836
0.2,-25,-15,7.52548338521375,2.8323522878451
0.4,-25,-15,7.4510719224764,1.71245147377987
0.6,-25,-15,7.32910533813966,1.14788701727188
0.8,-25,-15,7.15437266685503,0.762045439764781
0.85,-25,-15,7.10118671851895,0.705205088014174
0.9,-25,-15,7.81300902822097,0.667331311389307
1,-25,-15,10.6786965120558,0.746748438749065
1.1,-25,-15,11.7493869423448,0.84483647198439
1.4,-25,-15,10.5523803384862,0.645369297070223
2,-25,-15,6.59043668196687,0.540758791892423
3,-25,-15,5.94233789390834,0.433203469116015
5,-25,-15,5.62933501636936,0.352557548554756
0,-20,-15,6.89010614511922,3.13129240989903
0.2,-20,-15,6.86410667186812,2.15960501591557
0.4,-20,-15,6.79604982234021,1.30563346006021
0.6,-20,-15,6.6838710097345,0.875097415383666
0.8,-20,-15,6.52276440236411,0.580801780654965
0.85,-20,-15,6.47375428098139,0.53743118101994
0.9,-20,-15,7.10829596470264,0.508519437001853
1,-20,-15,9.66759415208756,0.568764979021741
1.1,-20,-15,10.621355146724,0.643281416582547
1.4,-20,-15,9.53954406171371,0.491617029342527
2,-20,-15,5.96254426813908,0.411972633502802
3,-20,-15,5.3832154459495,0.330033902916232
5,-20,-15,5.10625398047939,0.268562669857885
0,-15,-15,6.20153021554249,2.3199035012773
0.2,-15,-15,6.17823297709554,1.59519437272695
0.4,-15,-15,6.11678027584693,0.966811860292121
0.6,-15,-15,6.0148141886673,0.651067136165856
0.8,-15,-15,5.86794984636109,0.437012642139271
0.85,-15,-15,5.82330141429396,0.406010950098378
0.9,-15,-15,6.37849124651651,0.385780119447167
1,-15,-15,8.62336154316476,0.440526447160071
1.1,-15,-15,9.45712346094528,0.504658904404939
1.4,-15,-15,8.49416000194699,0.378509428192253
2,-15,-15,5.3141513965176,0.315732186178245
3,-15,-15,4.80536074698296,0.252888273063825
5,-15,-15,4.5652068312791,0.206835278595395
0,-10,-15,5.58392747248254,1.71271696855309
0.2,-10,-15,5.56309262596847,1.17456569079664
0.4,-10,-15,5.50772403248087,0.713442994334572
0.6,-10,-15,5.41527312872498,0.48243348608535
0.8,-10,-15,5.28177064582107,0.32698736534716
0.85,-10,-15,5.24121677922767,0.30483332264228
0.9,-10,-15,5.72659623692515,0.290669130444218
1,-10,-15,7.69640967451614,0.337647858331337
1.1,-10,-15,8.42659584547945,0.390785991118517
1.4,-10,-15,7.56915520391576,0.288709146079628
2,-10,-15,4.7406233375711,0.23991600957211
3,-10,-15,4.29437511816751,0.192133335331932
5,-10,-15,4.08682492995058,0.157802608323167
0,-5,-15,4.94248530379836,1.3387468104089
0.2,-5,-15,4.92419663368536,0.916592301698582
0.4,-5,-15,4.87513655711556,0.557505814554883
0.6,-5,-15,4.79257648068212,0.377950026936769
0.8,-5,-15,4.672973318106,0.257694553514988
0.85,-5,-15,4.63667516098712,0.240732447406393
0.9,-5,-15,5.05008948724603,0.230034003037519
1,-5,-15,6.73643127633327,0.269926606375698
1.1,-5,-15,7.35959773754794,0.314261448438671
1.4,-5,-15,6.6113067002609,0.23014928518352
2,-5,-15,4.14635296586182,0.190827432614304
3,-5,-15,3.764379618841,0.152807658993666
5,-5,-15,3.5901764331467,0.125812938207763
0,0,-15,4.28234843923209,1.2120834240685
0.2,0,-15,4.26666942997951,0.829552783065198
0.4,0,-15,4.22409088020297,0.504725110406105
0.6,0,-15,4.15171496520384,0.342371050919741
0.8,0,-15,4.04643153833383,0.233756429811644
0.85,0,-15,4.0145143779623,0.218473851349297
0.9,0,-15,4.35431852040685,0.208866180830973
1,0,-15,5.75086202105665,0.245652371729114
1.1,0,-15,6.2643024517003,0.286382105028646
1.4,0,-15,5.62794356513755,0.209317486437345
2,0,-15,3.53588565100771,0.173466935656246
3,0,-15,3.21943055822179,0.138903152116567
5,0,-15,3.07907004582677,0.114428780807061
0,5,-15,4.93976104328525,1.33874699313562
0.2,5,-15,4.92146476128037,0.916592433677304
0.4,5,-15,4.87235836960582,0.557505891367364
0.6,5,-15,4.78967715767266,0.377950074625243
0.8,5,-15,4.66984624303071,0.257694579097398
0.85,5,-15,4.63347145112633,0.240732469057619
0.9,5,-15,5.04596594079082,0.230034021528701
1,5,-15,6.72665689319313,0.269926615858714
1.1,5,-15,7.34525410602218,0.31426145121626
1.4,5,-15,6.59786364050502,0.230149296183668
2,5,-15,4.13740998911642,0.190827443636721
3,5,-15,3.75568109493533,0.152807667881751
5,5,-15,3.5814390160883,0.125812944140781
0,10,-15,5.57850001107171,1.71271735137921
0.2,10,-15,5.55764999825662,1.17456596185199
0.4,10,-15,5.50218912645893,0.71344315469303
0.6,10,-15,5.40949687372179,0.48243358908771
0.8,10,-15,5.2755406216646,0.326987426549852
0.85,10,-15,5.23483406948614,0.304833376890401
0.9,10,-15,5.7183808836004,0.290669179419815
1,10,-15,7.6769358656139,0.337647899895998
1.1,10,-15,8.39801845083149,0.390786028751337
1.4,10,-15,7.54237204189464,0.288709185314079
2,10,-15,4.72280586795554,0.239916044579279
3,10,-15,4.27704467488978,0.192133363444779
5,10,-15,4.0694169948756,0.157802629666437
0,15,-15,6.19344107426917,2.31990408942813
0.2,15,-15,6.17012122990422,1.5951947815943
0.4,15,-15,6.10853098710187,0.966812105866661
0.6,15,-15,6.00620516937078,0.65106729870403
0.8,15,-15,5.85866448624962,0.437012746725607
0.85,15,-15,5.81378847730359,0.4060110457792
0.9,15,-15,6.36624677615024,0.385780208898916
1,15,-15,8.5943366248336,0.440526541137571
1.1,15,-15,9.41452983872135,0.504659006385679
1.4,15,-15,8.45424060669803,0.378509510942498
2,15,-15,5.28759505460473,0.315732256500824
3,15,-15,4.77953029805915,0.252888329431114
5,15,-15,4.53926088615819,0.206835323759247
0,20,-15,6.88171246391438,3.13129325614375
0.2,20,-15,6.85568884737365,2.15960559513325
0.4,20,-15,6.78748266369987,1.30563381245077
0.6,20,-15,6.67491138311486,0.875097654392146
0.8,20,-15,6.51306502891615,0.580801943793658
0.85,20,-15,6.46380567401087,0.537431333477973
0.9,20,-15,7.09537583313845,0.50851958274074
1,20,-15,9.63609481569369,0.568765150347495
1.1,20,-15,10.5745261456347,0.643281616259746
1.4,20,-15,9.49557766375395,0.491617175346495
2,20,-15,5.93324058395506,0.411972754512763
3,20,-15,5.35464968928462,0.330033999815022
5,20,-15,5.07751047322312,0.268562749674172
0,25,-15,7.54587250366236,4.10701019083365
0.2,25,-15,7.51723739128773,2.83235318207268
0.4,25,-15,7.44267025087198,1.71245197957895
0.6,25,-15,7.32029317290712,1.1478873119046
0.8,25,-15,7.14478547521966,0.762045564347884
0.85,25,-15,7.09133817393302,0.705205179662182
0.9,25,-15,7.80007741451986,0.667331374773898
1,25,-15,10.6461313403716,0.746748378682518
1.1,25,-15,11.7002981200134,0.844836311105538
1.4,25,-15,10.5062080875657,0.645369277934611
2,25,-15,6.55960465593607,0.540758796957067
3,25,-15,5.91221690481738,0.433203473851077
5,25,-15,5.59897553868825,0.352557537210292
0,30,-15,8.1680567056992,5.1591010107926
0.2,30,-15,8.13696401094413,3.52544615123184
0.4,30,-15,8.05643295553943,2.14773749635418
0.6,30,-15,7.92489463304409,1.4603593298986
0.8,30,-15,7.73663958263572,1.00257131338983
0.85,30,-15,7.67928079957708,0.938805400637196
0.9,30,-15,8.4610492023057,0.899260625886483
1,30,-15,11.5960348378734,1.06730929212534
1.1,30,-15,12.7595459759599,1.25079667940322
1.4,30,-15,11.4570256846864,0.907140093611167
2,30,-15,7.1485018854116,0.75026831350002
3,30,-15,6.43586535779319,0.600726398254034
5,30,-15,6.08820307243472,0.495974886197981
0,-30,-10,7.68927845716746,4.64317087131033
0.2,-30,-10,7.6602387839068,3.15984510458601
0.4,-30,-10,7.58499754606926,1.93159267558262
0.6,-30,-10,7.46211046808451,1.32171618188304
0.8,-30,-10,7.28643338284189,0.920512074509673
0.85,-30,-10,7.2329758381266,0.866190010367251
0.9,-30,-10,7.96524583439857,0.833825905261847
1,-30,-10,10.9192366351432,1.01249950595893
1.1,-30,-10,12.0312884011896,1.20184828982813
1.4,-30,-10,10.8072684135173,0.855164405557663
2,-30,-10,6.74987862171069,0.703752040898091
3,-30,-10,6.08582090897159,0.563366810810364
5,-30,-10,5.76465299736054,0.467706410777739
0,-25,-10,7.05508438162936,3.5654134963797
0.2,-25,-10,7.02854963498559,2.45512929767939
0.4,-25,-10,6.95938293874188,1.48624029662282
0.6,-25,-10,6.84581923001803,0.99862287753975
0.8,-25,-10,6.68310533121587,0.66674207260607
0.85,-25,-10,6.63362423498283,0.618271555661698
0.9,-25,-10,7.29134211752261,0.586311802653799
1,-25,-10,9.94977701919765,0.663075055983914
1.1,-25,-10,10.949239015606,0.755129327520027
1.4,-25,-10,9.83581723076123,0.571306996538275
2,-25,-10,6.14804908925156,0.477576028601371
3,-25,-10,5.5504865464579,0.382551414609063
5,-25,-10,5.26435046924627,0.312145723545924
0,-20,-10,6.37796760664845,2.55506230222134
0.2,-20,-10,6.35409504359026,1.76056843609556
0.4,-20,-10,6.29140859596468,1.06519755840213
0.6,-20,-10,6.18782686559892,0.714977878529438
0.8,-20,-10,6.03900981845004,0.476180780278429
0.85,-20,-10,5.99378749782283,0.441172173146662
0.9,-20,-10,6.57273383643097,0.417981403401315
1,-20,-10,8.91882380377931,0.47054614674081
1.1,-20,-10,9.79911954867205,0.534355864233432
1.4,-20,-10,8.80315437250233,0.405958341448743
2,-20,-10,5.50786647114209,0.339700396229928
3,-20,-10,4.98041781765636,0.272120392114963
5,-20,-10,4.73102285018671,0.221789392187518
0,-15,-10,5.66313334606544,1.71291930481763
0.2,-15,-10,5.64205979076192,1.17459396517054
0.4,-15,-10,5.58620934983234,0.713515734996126
0.6,-15,-10,5.49319093715365,0.482553152490028
0.8,-15,-10,5.35909658364031,0.327180183515923
0.85,-15,-10,5.31838232536619,0.305049504449322
0.9,-15,-10,5.81492984989924,0.290910966936837
1,-15,-10,7.83424988236532,0.338127610162266
1.1,-15,-10,8.58969417109469,0.391477112428381
1.4,-15,-10,7.71714727365127,0.289071438489766
2,-15,-10,4.83420771734491,0.240185892390783
3,-15,-10,4.37995812368315,0.192348457198776
5,-15,-10,4.16873527836645,0.158001946696552
0,-10,-10,4.91982706957929,1.0819332372747
0.2,-10,-10,4.90165494970918,0.737383137367916
0.4,-10,-10,4.85291336272221,0.450205791227436
0.6,-10,-10,4.77091338966658,0.307363562085573
0.8,-10,-10,4.65219377032929,0.212974901337513
0.85,-10,-10,4.61618385302149,0.200061009369813
0.9,-10,-10,5.0277637111486,0.192250400865249
1,-10,-10,6.71017942272192,0.231594799373781
1.1,-10,-10,7.33675885816974,0.273695403034258
1.4,-10,-10,6.59199088553129,0.196033522333916
2,-10,-10,4.13589780626171,0.161605699947411
3,-10,-10,3.75699918730568,0.129377614014408
5,-10,-10,3.58490068591021,0.107202756823636
0,-5,-10,4.26540810108463,0.69327243020299
0.2,-5,-10,4.24983342772985,0.469240188207939
0.4,-5,-10,4.20752917644942,0.288139219730311
0.6,-5,-10,4.1356247846193,0.198795882291217
0.8,-5,-10,4.0310944178506,0.141009753434294
0.85,-5,-10,3.99942900448449,0.133500125341174
0.9,-5,-10,4.3376997991127,0.129300216304537
1,-5,-10,5.73121660694696,0.161355009646192
1.1,-5,-10,6.24881372627156,0.194372597322697
1.4,-5,-10,5.61535193512405,0.135279020202577
2,-5,-10,3.52997234566957,0.110666618935482
3,-5,-10,3.21660476150334,0.0885691207320037
5,-5,-10,3.07849448892616,0.0740146702478293
0,0,-10,3.59214492453745,0.561620248752041
0.2,0,-10,3.57923168895507,0.37876740067694
0.4,0,-10,3.54353846921952,0.23327914804883
0.6,0,-10,3.48202313837931,0.16181848216402
0.8,0,-10,3.39210173953662,0.116135926981296
0.85,0,-10,3.36490582761727,0.11037317823695
0.9,0,-10,3.62815942397187,0.107308268247574
1,0,-10,4.72627101446408,0.136145044348122
1.1,0,-10,5.13206255002802,0.165425015493551
1.4,0,-10,4.61273251693311,0.113641911178913
2,0,-10,2.90755231247304,0.0926335265602814
3,0,-10,2.66098361236309,0.0741258656685261
5,0,-10,2.55737224281033,0.0621904894432749
0,5,-10,4.26262876362512,0.69327257237336
0.2,5,-10,4.24704632421563,0.469240288296852
0.4,5,-10,4.20469483282667,0.288139279222854
0.6,5,-10,4.13266689810825,0.198795920868343
0.8,5,-10,4.02790426923583,0.141009776962932
0.85,5,-10,3.99616070677053,0.133500146421849
0.9,5,-10,4.33349384381719,0.129300235568898
1,5,-10,5.72124965314565,0.161355027363599
1.1,5,-10,6.23418900977842,0.194372614643719
1.4,5,-10,5.60164555919322,0.135279036475353
2,5,-10,3.52085424042537,0.110666633188952
3,5,-10,3.207735888793,0.0885691321703662
5,5,-10,3.06958588962599,0.0740146791113395
0,10,-10,4.91428991231238,1.0819335277107
0.2,10,-10,4.8961023187278,0.737383338275603
0.4,10,-10,4.84726660972308,0.450205912391055
0.6,10,-10,4.76502048994278,0.307363642913843
0.8,10,-10,4.64583811385199,0.212974954373418
0.85,10,-10,4.60967249331201,0.200061058242268
0.9,10,-10,5.01938420740633,0.192250446908057
1,10,-10,6.69032200337872,0.231594849746077
1.1,10,-10,7.30762151497833,0.273695459207416
1.4,10,-10,6.56468317003043,0.196033566155356
2,10,-10,4.11773145957639,0.161605736850869
3,10,-10,3.73932938522949,0.129377643583828
5,10,-10,3.56715172862269,0.107202780754945
0,15,-10,5.65625011544797,1.71291974698185
0.2,15,-10,5.63515955901947,1.17459426592248
0.4,15,-10,5.57919790096664,0.713515918923264
0.6,15,-10,5.48588247774372,0.482553278444563
0.8,15,-10,5.35122361479498,0.327180271394047
0.85,15,-10,5.31031840351744,0.305049587191271
0.9,15,-10,5.80451937155699,0.290911046635556
1,15,-10,7.80915722769747,0.338127707205525
1.1,15,-10,8.55243386631461,0.391477227794075
1.4,15,-10,7.68216127824584,0.28907152039174
2,15,-10,4.81087710009794,0.240185959751
3,15,-10,4.35719392406738,0.192348511120579
5,15,-10,4.14580817222894,0.158001991492079
0,20,-10,6.37092376357188,2.55506294003806
0.2,20,-10,6.34703329635659,1.76056886445052
0.4,20,-10,6.28422680188589,1.06519782314271
0.6,20,-10,6.1803223677983,0.714978063323748
0.8,20,-10,6.03088995270663,0.476180914683915
0.85,20,-10,5.98545912955842,0.441172301431011
0.9,20,-10,6.56186282984221,0.417981528650344
1,20,-10,8.8917053981624,0.470546308526264
1.1,20,-10,9.75822305450383,0.534356062614107
1.4,20,-10,8.76467430577807,0.405958475857784
2,20,-10,5.48214907766613,0.339700505368104
3,20,-10,4.95525989075117,0.272120479433961
5,20,-10,4.70563349914387,0.221789465760688
0,25,-10,7.04821489491162,3.56541439428811
0.2,25,-10,7.02166148620722,2.45512996281547
0.4,25,-10,6.9523682484504,1.48624067580928
0.6,25,-10,6.83846340330967,0.998623102461588
0.8,25,-10,6.67509808553841,0.666742175149872
0.85,25,-10,6.62539610697849,0.618271634984298
0.9,25,-10,7.28045775240303,0.586311862342129
1,25,-10,9.92157054282511,0.663075036494029
1.1,25,-10,10.9060379126207,0.755129244265268
1.4,25,-10,9.79508773263493,0.571307001282962
2,25,-10,6.1207732113199,0.477576046473833
3,25,-10,5.52374271524297,0.382551429373163
5,25,-10,5.23731321365528,0.31214572555108
0,30,-10,7.68261359537606,4.64317230923003
0.2,30,-10,7.65355454522576,3.15984626237123
0.4,30,-10,7.57818076011528,1.9315932924938
0.6,30,-10,7.45493557000762,1.32171648953134
0.8,30,-10,7.27857393069527,0.920512109455319
0.85,30,-10,7.22488413440557,0.866189986344331
0.9,30,-10,7.95439735326845,0.833825826885086
1,30,-10,10.8900836431074,1.01249910597435
1.1,30,-10,11.9860112042097,1.20184761578444
1.4,30,-10,10.7645065357401,0.855164138011358
2,30,-10,6.72119093945057,0.703751867016614
3,30,-10,6.05763662922313,0.563366673129126
5,30,-10,5.73611626400239,0.46770626249653
0,-30,-5,7.14595406507504,4.32328992199711
0.2,-30,-5,7.11915408341017,2.9340681358246
0.4,-30,-5,7.04958134072506,1.79767499873684
0.6,-30,-5,6.93578534890246,1.23524649898818
0.8,-30,-5,6.77310360564528,0.868380486823332
0.85,-30,-5,6.72364643387307,0.81970235665865
0.9,-30,-5,7.39734882848145,0.79156803809566
1,-30,-5,10.1266564355919,0.974939109406803
1.1,-30,-5,11.1606410342067,1.16625377577555
1.4,-30,-5,10.0273154196037,0.820269569375984
2,-30,-5,6.26779086435807,0.672946866327159
3,-30,-5,5.65804497993815,0.538638369901525
5,-30,-5,5.36554744426101,0.448709928739924
0,-25,-5,6.5043764395509,3.23097748966618
0.2,-25,-5,6.4801104135928,2.22324540500786
0.4,-25,-5,6.41668268076096,1.34666446571104
0.6,-25,-5,6.31231828778404,0.905855394838548
0.8,-25,-5,6.16275015866649,0.606424194487627
0.85,-25,-5,6.11731554473166,0.562874719060792
0.9,-25,-5,6.71560959020661,0.534306715469487
1,-25,-5,9.14595251437926,0.607219027372261
1.1,-25,-5,10.066064529266,0.693594921909454
1.4,-25,-5,9.04461978901561,0.522449023890923
2,-25,-5,5.65899554329358,0.436261068484863
3,-25,-5,5.11651340075444,0.349441780852548
5,-25,-5,4.85945049535009,0.285471097110782
0,-20,-5,5.81930091129067,2.19968100171692
0.2,-20,-5,5.79772821914578,1.51568990963431
0.4,-20,-5,5.74085700972358,0.917039917463011
0.6,-20,-5,5.64659276994519,0.61553376093253
0.8,-20,-5,5.51108648394981,0.409952936262844
0.85,-20,-5,5.46996118878061,0.379814269586806
0.9,-20,-5,5.98859045069817,0.359849740410825
1,-20,-5,8.10300750665371,0.405108891143351
1.1,-20,-5,8.90261647968518,0.46004830665552
1.4,-20,-5,7.99999407260045,0.349501858578624
2,-20,-5,5.01139759771799,0.292457586535698
3,-20,-5,4.53983978619385,0.234276042396274
5,-20,-5,4.31993895433574,0.19094525351504
0,-15,-5,5.09595504809443,1.33885580980781
0.2,-15,-5,5.07721452859289,0.916611402425777
0.4,-15,-5,5.02726130629551,0.557545404517367
0.6,-15,-5,4.94368859944754,0.378012296939058
0.8,-15,-5,4.82308489495675,0.257793025811756
0.85,-15,-5,4.78652274252728,0.240842595947708
0.9,-15,-5,5.22183522575944,0.230157014843386
1,-15,-5,7.0057664545149,0.270169646776938
1.1,-15,-5,7.6791546820935,0.314611172183328
1.4,-15,-5,6.90139094085936,0.230332960643309
2,-15,-5,4.32992706326812,0.190964360942367
3,-15,-5,3.93241442931502,0.15291680740171
5,-15,-5,3.7511207153135,0.125913994685143
0,-10,-5,4.33989898099834,0.693298667809085
0.2,-10,-5,4.32410772976991,0.469245613187697
0.4,-10,-5,4.28138061586781,0.28814883598655
0.6,-10,-5,4.20900801916805,0.19881040229374
0.8,-10,-5,4.10403193422789,0.141032302655496
0.85,-10,-5,4.07225132049354,0.133525290677738
0.9,-10,-5,4.4212212449622,0.129328273402243
1,-10,-5,5.86260767345631,0.161410219563916
1.1,-10,-5,6.40500175861411,0.194451951870542
1.4,-10,-5,5.75717986319287,0.135320776292891
2,-10,-5,3.61977521186344,0.110697771060192
3,-10,-5,3.29886511802922,0.0885939535793624
5,-10,-5,3.15733110739948,0.0740376430624063
0,-5,-5,3.55756438105378,0.295642929767265
0.2,-5,-5,3.5448147024649,0.194874948316906
0.4,-5,-5,3.50956037052843,0.122329197422459
0.6,-5,-5,3.44880012384484,0.0877425642277192
0.8,-5,-5,3.36004145281811,0.0674323071781554
0.85,-5,-5,3.33321940164812,0.0654598000611934
0.9,-5,-5,3.59350350899134,0.0649624820351349
1,-5,-5,4.68306734781946,0.0896323376260018
1.1,-5,-5,5.09072329717817,0.113421637833468
1.4,-5,-5,4.57684405166536,0.0732254893748522
2,-5,-5,2.88682867152064,0.0586278324462687
3,-5,-5,2.64444829297888,0.0468792890158311
5,-5,-5,2.54350500162901,0.040117414478761
0,0,-5,2.87596233159231,0.160935816055669
0.2,0,-5,2.865906803307,0.102299625592225
0.4,0,-5,2.83734707077588,0.0661957919295498
0.6,0,-5,2.78711081439217,0.0499089079963566
0.8,0,-5,2.71315374504135,0.0419856945318997
0.85,0,-5,2.69086017995554,0.0418013437927237
0.9,0,-5,2.87533983242469,0.0424661418686423
1,0,-5,3.66622901642559,0.0638499387821299
1.1,0,-5,3.96094870693296,0.0838207456093921
1.4,0,-5,3.56254938756914,0.0510956663216184
2,0,-5,2.25716444235347,0.0401831830049263
3,0,-5,2.08235506940183,0.0321063758387397
5,0,-5,2.01629654548002,0.0280240153648742
0,5,-5,3.55475102431803,0.295643004300496
0.2,5,-5,3.54199348442654,0.194874999619446
0.4,5,-5,3.50669134621623,0.12232922848942
0.6,5,-5,3.44580608811355,0.0877425851152083
0.8,5,-5,3.35681241056044,0.0674323211450173
0.85,5,-5,3.32991129016083,0.0654598130196799
0.9,5,-5,3.58924706441034,0.0649624943306484
1,5,-5,4.67298360393303,0.0896323515698328
1.1,5,-5,5.07592876580521,0.113421653740148
1.4,5,-5,4.5629786486751,0.0732255013793527
2,5,-5,2.87760481758066,0.0586278424751041
3,5,-5,2.63547655405656,0.0468792970490033
5,5,-5,2.53449300064703,0.0401174210379351
0,10,-5,4.33574082705674,0.69329881998669
0.2,10,-5,4.31994031882851,0.469245716162949
0.4,10,-5,4.27714867364636,0.288148899232194
0.6,10,-5,4.20460083105834,0.198810445945354
0.8,10,-5,4.09928883717704,0.141032333644135
0.85,10,-5,4.0673941360401,0.133525320024054
0.9,10,-5,4.41493730619752,0.129328301833054
1,10,-5,5.84727624001515,0.16141025508539
1.1,10,-5,6.38204270838563,0.19445199468763
1.4,10,-5,5.73559366700634,0.135320806064361
2,10,-5,3.60535566573686,0.110697795408788
3,10,-5,3.28476437865708,0.0885939730659142
5,10,-5,3.14310267485794,0.0740376593514183
0,15,-5,5.09047834729708,1.33885604137024
0.2,15,-5,5.07172721950938,0.916611556564304
0.4,15,-5,5.02169310858572,0.557545500488752
0.6,15,-5,4.9378959599209,0.378012364811072
0.8,15,-5,4.81685747346739,0.257793076531099
0.85,15,-5,4.78014691101928,0.240842644768733
0.9,15,-5,5.21356325360246,0.230157062903213
1,15,-5,6.98528567861328,0.270169710999166
1.1,15,-5,7.64818067265251,0.314611252249193
1.4,15,-5,6.87222490598434,0.230333013533737
2,15,-5,4.31040627516085,0.190964403577589
3,15,-5,3.91327742289158,0.152916841502882
5,15,-5,3.73176974243261,0.125914023649576
0,20,-5,5.81366005390299,2.19968133778191
0.2,20,-5,5.79207583277101,1.51569013102025
0.4,20,-5,5.73511477664336,0.917040056503839
0.6,20,-5,5.64060005191066,0.615533860747485
0.8,20,-5,5.50460745844138,0.409953013101149
0.85,20,-5,5.46331597822187,0.379814344214296
0.9,20,-5,5.97985089028368,0.359849814506011
1,20,-5,8.08047609606236,0.40510899356209
1.1,20,-5,8.86796359808063,0.460048436363916
1.4,20,-5,7.96729308757963,0.34950194221237
2,20,-5,4.98946215777017,0.292457653471245
3,20,-5,4.51828109246374,0.234276095917618
5,20,-5,4.29809690566374,0.190945299335819
0,25,-5,6.49891034031218,3.23097796340597
0.2,25,-5,6.47463201069843,2.22324575218319
0.4,25,-5,6.41110783229729,1.34666466537911
0.6,25,-5,6.30647424981241,0.905855515636977
0.8,25,-5,6.1563832572099,0.606424253827507
0.85,25,-5,6.11076990990408,0.562874767031582
0.9,25,-5,6.70685481825911,0.534306754009426
1,25,-5,9.12231900115898,0.607219032030332
1.1,25,-5,10.0290797544499,0.693594899891383
1.4,25,-5,9.00964288621648,0.522449037541834
2,25,-5,5.63548332098793,0.43626108611892
3,25,-5,5.0933501835557,0.349441795178277
5,25,-5,4.83594112740248,0.285471104306484
0,30,-5,7.14069330471023,4.32329068581686
0.2,30,-5,7.11388028853492,2.93406874530147
0.4,30,-5,7.04420499686564,1.79767532586026
0.6,30,-5,6.93012258666752,1.23524666555059
0.8,30,-5,6.76688437653522,0.868380513112229
0.85,30,-5,6.7172369462352,0.819702352925384
0.9,30,-5,7.38862863250783,0.791568006859065
1,30,-5,10.1020640001121,0.974938918975851
1.1,30,-5,11.121555519724,1.16625345004143
1.4,30,-5,9.99028215800388,0.820269443700167
2,30,-5,6.24285023456204,0.672946786064403
3,30,-5,5.63342437581992,0.538638306407226
5,30,-5,5.34052089885787,0.448709859027308
0,-30,0,6.5502960201729,4.21448385600106
0.2,-30,0,6.52593070503837,2.85759556139218
0.4,-30,0,6.46252271559676,1.7521574020552
0.6,-30,0,6.35861384180405,1.20565018428861
0.8,-30,0,6.21005060009009,0.850195381494198
0.85,-30,0,6.16493411672363,0.803360716392193
0.9,-30,0,6.77461855105528,0.776584891064079
1,-30,0,9.25784580239383,0.96087143699996
1.1,-30,0,10.2053654317376,1.15225253019535
1.4,-30,0,9.17127589791456,0.807436521355734
2,-30,0,5.73812870857889,0.661759335148867
3,-30,0,5.1873313622831,0.529662043215659
5,-30,0,4.9257595388157,0.441717740999995
0,-25,0,5.90624638806487,3.11747375391216
0.2,-25,0,5.88442474026394,2.14489229595625
0.4,-25,0,5.8271853490054,1.29933014418913
0.6,-25,0,5.73274432391106,0.874175126762405
0.8,-25,0,5.59734509808234,0.585470672803652
0.85,-25,0,5.55626662233282,0.543510069911518
0.9,-25,0,6.09025718230972,0.516007700606588
1,-25,0,8.27338170887652,0.586886170427418
1.1,-25,0,9.10660153871943,0.670693328269263
1.4,-25,0,8.18482179341096,0.504840573437406
2,-25,0,5.12700509407806,0.42148367036094
3,-25,0,4.6437283269526,0.337602819089927
5,-25,0,4.41772561204838,0.275852789147875
0,-20,0,5.21850125979179,2.07917130599167
0.2,-20,0,5.19938338546605,1.43302484040641
0.4,-20,0,5.14872611693774,0.866838693743302
0.6,-20,0,5.06442496512585,0.58160061108091
0.8,-20,0,4.94314308653264,0.38697431929637
0.85,-20,0,4.90639093364003,0.358399297295956
0.9,-20,0,5.36041960059125,0.339436484639445
1,-20,0,7.22642411995332,0.381433493818711
1.1,-20,0,7.93869721137009,0.432672291954578
1.4,-20,0,7.13619674029797,0.329249032355357
2,-20,0,4.47692817725691,0.275621759837795
3,-20,0,4.06484656884094,0.220793120770948
5,-20,0,3.87614635408913,0.179875712034622
0,-15,0,4.49228636319608,1.21208342406892
0.2,-15,0,4.47601182630692,0.829552783065482
0.4,-15,0,4.43230024179527,0.504725110406276
0.6,-15,0,4.35873409514382,0.342371050919856
0.8,-15,0,4.25241591654203,0.233756429811721
0.85,-15,0,4.22024562284299,0.218473851349368
0.9,-15,0,4.59065427953437,0.20886618083104
1,-15,0,6.12493765466984,0.245652371729189
1.1,-15,0,6.71053974054237,0.286382105028731
1.4,-15,0,6.03338057220717,0.209317486437409
2,-15,0,3.79284497679964,0.1734669356563
3,-15,0,3.45509128578581,0.13890315211661
5,-15,0,3.30514295998895,0.114428780807096
0,-10,0,3.73312222012002,0.561620248752229
0.2,-10,0,3.71980897185389,0.378767400677069
0.4,-10,0,3.68335387081271,0.233279148048908
0.6,-10,0,3.6210363715057,0.161818482164073
0.8,-10,0,3.5304147127761,0.116135926981331
0.85,-10,0,3.50304705500686,0.110373178236983
0.9,-10,0,3.78681498595606,0.107308268247605
1,-10,0,4.97730265644403,0.136145044348158
1.1,-10,0,5.43147515080587,0.165425015493591
1.4,-10,0,4.88476565098718,0.113641911178943
2,-10,0,3.07996136759821,0.0926335265603067
3,-10,0,2.81910269241007,0.0741258656685464
5,-10,0,2.70906064139228,0.0621904894432915
0,-5,0,2.94678210879213,0.160935816055717
0.2,-5,0,2.93652558167772,0.102299625592258
0.4,-5,0,2.90758260608294,0.0661957919295696
0.6,-5,0,2.85694193333537,0.04990890799637
0.8,-5,0,2.78263039756181,0.0419856945319087
0.85,-5,0,2.76024967872881,0.041801343792732
0.9,-5,0,2.95501625484214,0.0424661418686503
1,-5,0,3.79225153623166,0.0638499387821391
1.1,-5,0,4.11123724707359,0.0838207456094027
1.4,-5,0,3.69909315647426,0.0510956663216263
2,-5,0,2.34370256177285,0.0401831830049328
3,-5,0,2.16172079526535,0.0321063758387449
5,-5,0,2.09243563984815,0.0280240153648785
0,0,0,2.13924884881509,0.0252
0.2,0,0,2.13212122246969,0.009016282048
0.4,0,0,2.1108888817457,0.009633608
0.6,0,0,2.07226443044526,0.011786933952
0.8,0,0,2.01475262953104,0.016346238016
0.85,0,0,1.99750524302524,0.017963948672
0.9,0,0,2.10158749752571,0.0198
1,0,0,2.5788028147324,0.0378748764
1.1,0,0,2.75987373455223,0.054
1.4,0,0,2.48538670544654,0.0288
2,0,0,1.5896719040097,0.0216
3,0,0,1.48794864924531,0.0172224967466667
5,0,0,1.45996083200481,0.01584
0,5,0,2.94542529973473,0.160935816055717
0.2,5,0,2.93516738029095,0.102299625592258
0.4,5,0,2.90620758548521,0.0661957919295696
0.6,5,0,2.85551634324681,0.04990890799637
0.8,5,0,2.78110319173645,0.0419856945319087
0.85,5,0,2.75868720155086,0.041801343792732
0.9,5,0,2.95297177654213,0.0424661418686503
1,5,0,3.78695984800908,0.0638499387821391
1.1,5,0,4.10300268595399,0.0838207456094027
1.4,5,0,3.69130579371397,0.0510956663216263
2,5,0,2.33846171963631,0.0401831830049329
3,5,0,2.15654671692351,0.0321063758387449
5,5,0,2.08717286265464,0.0280240153648785
0,10,0,3.73041928165136,0.561620248752229
0.2,10,0,3.71710325875091,0.378767400677069
0.4,10,0,3.68061464687511,0.233279148048908
0.6,10,0,3.61819639459273,0.161818482164073
0.8,10,0,3.52737228156433,0.116135926981331
0.85,10,0,3.49993435097974,0.110373178236983
0.9,10,0,3.7827420086793,0.107308268247605
1,10,0,4.96676028118891,0.136145044348158
1.1,10,0,5.4150696243749,0.165425015493591
1.4,10,0,4.86925104239058,0.113641911178943
2,10,0,3.06952011929822,0.0926335265603067
3,10,0,2.80879443120356,0.0741258656685464
5,10,0,2.69857564700477,0.0621904894432915
0,15,0,4.48825786631002,1.21208342406892
0.2,15,0,4.47197919359823,0.829552783065482
0.4,15,0,4.42821766166596,0.504725110406276
0.6,15,0,4.35450134534559,0.342371050919856
0.8,15,0,4.24788141468248,0.233756429811721
0.85,15,0,4.21560638152386,0.218473851349368
0.9,15,0,4.58458380109728,0.20886618083104
1,15,0,6.10922482622355,0.245652371729189
1.1,15,0,6.68608810476213,0.286382105028731
1.4,15,0,6.01025679331367,0.209317486437409
2,15,0,3.77728278654037,0.1734669356563
3,15,0,3.43972729380672,0.13890315211661
5,15,0,3.28951554554573,0.114428780807096
0,20,0,5.21430641202519,2.07917130599167
0.2,20,0,5.19518346908092,1.43302484040641
0.4,20,0,5.14446722996944,0.866838693743302
0.6,20,0,5.05998970385749,0.58160061108091
0.8,20,0,4.93835425773381,0.38697431929637
0.85,20,0,4.90147949555625,0.358399297295956
0.9,20,0,5.35387809338246,0.339436484639445
1,20,0,7.20865145106389,0.381433493818711
1.1,20,0,7.91055212511022,0.432672291954578
1.4,20,0,7.10952413395589,0.329249032355357
2,20,0,4.45894189793394,0.275621759837795
3,20,0,4.04705141295112,0.220793120770948
5,20,0,3.85801803643503,0.179875712034622
0,25,0,5.9022252850995,3.11747375391216
0.2,25,0,5.88039778300943,2.14489229595625
0.4,25,0,5.82309276799062,1.29933014418913
0.6,25,0,5.72845653401536,0.874175126762405
0.8,25,0,5.59266695723214,0.585470672803652
0.85,25,0,5.55145325069553,0.543510069911518
0.9,25,0,6.08369865612913,0.516007700606588
1,25,0,8.2545012601558,0.586886170427418
1.1,25,0,9.07611504009927,0.670693328269263
1.4,25,0,8.15586412558317,0.504840573437406
2,25,0,5.10743574908396,0.42148367036094
3,25,0,4.62432225045436,0.337602819089927
5,25,0,4.39792325377547,0.275852789147875
0,30,0,6.54647926518218,4.21448385600106
0.2,30,0,6.52210735464132,2.85759556139218
0.4,30,0,6.45862758769483,1.7521574020552
0.6,30,0,6.35450615609034,1.20565018428861
0.8,30,0,6.20551875079282,0.850195381494198
0.85,30,0,6.16025544432154,0.803360716392193
0.9,30,0,6.76809292037441,0.776584891064079
1,30,0,9.23800126557905,0.96087143699996
1.1,30,0,10.1727695415252,1.15225253019535
1.4,30,0,9.14025355402893,0.807436521355734
2,30,0,5.71712523249748,0.661759335148867
3,30,0,5.16646205717849,0.529662043215659
5,30,0,4.90443384786393,0.441717740999995
0,-30,5,7.14443228820275,4.32329068581686
0.2,-30,5,7.11763242378404,2.93406874530147
0.4,-30,5,7.04808874999282,1.79767532586026
0.6,-30,5,6.93437989602509,1.23524666555059
0.8,-30,5,6.77184070060117,0.868380513112229
0.85,-30,5,6.72242307614733,0.819702352925384
0.9,-30,5,7.39646554394206,0.791568006859065
1,-30,5,10.1266825765412,0.974938918975851
1.1,-30,5,11.1602475329483,1.16625345004143
1.4,-30,5,10.0268135684136,0.820269443700168
2,-30,5,6.26720899571486,0.672946786064403
3,-30,5,5.65719504546715,0.538638306407226
5,-30,5,5.36448879901184,0.448709859027308
0,-25,5,6.50284931833616,3.23097796340597
0.2,-25,5,6.47858343172476,2.22324575218319
0.4,-25,5,6.41518483331189,1.34666466537911
0.6,-25,5,6.31090769923572,0.905855515636977
0.8,-25,5,6.16148230791146,0.606424253827507
0.85,-25,5,6.11608730135615,0.562874767031582
0.9,-25,5,6.71472154368474,0.534306754009426
1,-25,5,9.14597440322545,0.607219032030333
1.1,-25,5,10.0656681004196,0.693594899891383
1.4,-25,5,9.04411550564738,0.522449037541834
2,-25,5,5.65841227789329,0.43626108611892
3,-25,5,5.11566227782112,0.349441795178277
5,-25,5,4.85839069463947,0.285471104306484
0,-20,5,5.81776902363207,2.19968133778191
0.2,-20,5,5.79619648805258,1.51569013102026
0.4,-20,5,5.73935446340532,0.917040056503839
0.6,-20,5,5.64517757495509,0.615533860747485
0.8,-20,5,5.50981417250775,0.40995301310115
0.85,-20,5,5.46872853117813,0.379814344214296
0.9,-20,5,5.98769812490724,0.359849814506011
1,-20,5,8.10302560184548,0.40510899356209
1.1,-20,5,8.90221751446954,0.460048436363916
1.4,-20,5,7.99948769301724,0.34950194221237
2,-20,5,5.01081312825694,0.292457653471245
3,-20,5,4.53898763009299,0.234276095917618
5,-20,5,4.31887813192637,0.190945299335819
0,-15,5,5.09441896189365,1.33885604137024
0.2,-15,5,5.07567861111048,0.916611556564304
0.4,-15,5,5.0257546082008,0.557545500488753
0.6,-15,5,4.94226931540922,0.378012364811072
0.8,-15,5,4.82180859436674,0.257793076531099
0.85,-15,5,4.78528612813486,0.240842644768733
0.9,-15,5,5.22093909327042,0.230157062903213
1,-15,5,7.00578120913589,0.270169710999166
1.1,-15,5,7.6787535758858,0.314611252249193
1.4,-15,5,6.90088280559529,0.230333013533737
2,-15,5,4.32934158492644,0.190964403577589
3,-15,5,3.93156139633622,0.152916841502882
5,-15,5,3.75005900384924,0.125914023649576
0,-10,5,4.33835920917928,0.69329881998669
0.2,-10,5,4.32256813361937,0.469245716162949
0.4,-10,5,4.27987025755178,0.288148899232194
0.6,-10,5,4.20758510715451,0.198810445945354
0.8,-10,5,4.10275205854242,0.141032333644135
0.85,-10,5,4.07101114891466,0.133525320024054
0.9,-10,5,4.42032172890213,0.129328301833054
1,-10,5,5.86261950381726,0.16141025508539
1.1,-10,5,6.40459889547119,0.19445199468763
1.4,-10,5,5.75667030536525,0.135320806064361
2,-10,5,3.61918891527631,0.110697795408789
3,-10,5,3.29801135852262,0.0885939730659143
5,-10,5,3.15626862990124,0.0740376593514184
0,-5,5,3.55602686385934,0.295643004300496
0.2,-5,5,3.54327738740567,0.194874999619447
0.4,-5,5,3.50805241416746,0.122329228489421
0.6,-5,5,3.44737990061396,0.0877425851152084
0.8,-5,5,3.35876478279885,0.0674323211450174
0.85,-5,5,3.33198260702889,0.0654598130196799
0.9,-5,5,3.59260937264141,0.0649624943306484
1,-5,5,4.68309493775385,0.0896323515698329
1.1,-5,5,5.09034418077255,0.113421653740148
1.4,-5,5,4.57635668911912,0.0732255013793528
2,-5,5,2.88625701037545,0.0586278424751042
3,-5,5,2.64360851081362,0.0468792970490034
5,-5,5,2.54245624417941,0.0401174210379351
0,0,5,2.87588550915047,0.16093581605567
0.2,0,5,2.86583665995872,0.102299625592225
0.4,0,5,2.83733734535351,0.0661957919295499
0.6,0,5,2.78726347170423,0.0499089079963567
0.8,0,5,2.71358375672252,0.0419856945318998
0.85,0,5,2.69137400650358,0.0418013437927237
0.9,0,5,2.8766645442998,0.0424661418686424
1,0,5,3.67106801107766,0.06384993878213
1.1,0,5,3.96716039521762,0.0838207456093922
1.4,0,5,3.56816928772367,0.0510956663216184
2,0,5,2.26059549432832,0.0401831830049263
3,0,5,2.08533241628979,0.0321063758387397
5,0,5,2.01901680171514,0.0280240153648743
0,5,5,3.55613688423132,0.295642929767266
0.2,5,5,3.54339249441322,0.194874948316906
0.4,5,5,3.50818181440803,0.122329197422459
0.6,5,5,3.44753355232404,0.0877425642277193
0.8,5,5,3.35895097349662,0.0674323071781555
0.85,5,5,3.33217758983985,0.0654598000611934
0.9,5,5,3.59279233149332,0.064962482035135
1,5,5,4.68263542343285,0.0896323376260019
1.1,5,5,5.08873209705835,0.113421637833468
1.4,5,5,4.57470648833577,0.0732254893748523
2,5,5,2.8850389759857,0.0586278324462687
3,5,5,2.64227138913706,0.0468792890158311
5,5,5,2.54098266403355,0.040117414478761
0,10,5,4.33713203779618,0.693298667809085
0.2,10,5,4.32134468922608,0.469245613187697
0.4,10,5,4.27864457018455,0.28814883598655
0.6,10,5,4.2063339099458,0.198810402293741
0.8,10,5,4.10143337588234,0.141032302655496
0.85,10,5,4.06966653479767,0.133525290677738
0.9,10,5,4.41849057127811,0.129328273402243
1,10,5,5.85694612471746,0.161410219563916
1.1,10,5,6.39487142726109,0.194451951870542
1.4,10,5,5.74734507334983,0.135320776292891
2,10,5,3.61280525053044,0.110697771060192
3,10,5,3.29157386530766,0.0885939535793625
5,10,5,3.14960671272692,0.0740376430624064
0,15,5,5.09186965969962,1.33885580980781
0.2,15,5,5.07313167100385,0.916611402425777
0.4,15,5,5.02318901868752,0.557545404517367
0.6,15,5,4.93962892184679,0.378012296939059
0.8,15,5,4.81900169646387,0.257793025811756
0.85,15,5,4.78241893461135,0.240842595947708
0.9,15,5,5.21711630079393,0.230157014843386
1,15,5,6.99495554396984,0.270169646776938
1.1,15,5,7.66100994556155,0.314611172183328
1.4,15,5,6.88397685482747,0.230332960643309
2,15,5,4.31785617084858,0.190964360942367
3,15,5,3.92008711179937,0.15291680740171
5,15,5,3.7382738523801,0.125913994685143
0,20,5,5.81505194068418,2.19968100171692
0.2,20,5,5.79348083274113,1.51568990963431
0.4,20,5,5.73661115102713,0.917039917463012
0.6,20,5,5.64233331610991,0.61553376093253
0.8,20,5,5.50675173645342,0.409952936262844
0.85,20,5,5.4655879825003,0.379814269586806
0.9,20,5,5.983404102115,0.359849740410825
1,20,5,8.09014632342346,0.405108891143351
1.1,20,5,8.88079379189399,0.460048306655521
1.4,20,5,7.97904589870396,0.349501858578624
2,20,5,4.99691254711428,0.292457586535698
3,20,5,4.52509112619962,0.234276042396274
5,20,5,4.30460120129181,0.19094525351504
0,25,5,6.50030331904893,3.23097748966618
0.2,25,5,6.47603807148861,2.22324540500786
0.4,25,5,6.41260516694795,1.34666446571104
0.6,25,5,6.30820828132231,0.905855394838548
0.8,25,5,6.15852800756213,0.606424194487627
0.85,25,5,6.11304229756338,0.562874719060792
0.9,25,5,6.71040861647936,0.534306715469487
1,25,5,9.13198999976028,0.607219027372261
1.1,25,5,10.0419112428607,0.693594921909454
1.4,25,5,9.02139688330206,0.522449023890923
2,25,5,5.64293438921201,0.436261068484863
3,25,5,5.10016070858341,0.349441780852548
5,25,5,4.84244572948935,0.285471097110783
0,30,5,7.14208789631518,4.32328992199711
0.2,30,5,7.11528792598884,2.9340681358246
0.4,30,5,7.04570379176499,1.79767499873684
0.6,30,5,6.93185785544686,1.23524649898818
0.8,30,5,6.76903002289034,0.868380486823332
0.85,30,5,6.71951012674289,0.81970235665865
0.9,30,5,7.39218344226321,0.79156803809566
1,30,5,10.1117361785716,0.974939109406803
1.1,30,5,11.1343886690573,1.16625377577555
1.4,30,5,10.0020376576104,0.820269569375984
2,30,5,6.25030216288742,0.672946866327159
3,30,5,5.64023553613316,0.538638369901524
5,30,5,5.34702592757966,0.448709928739924
0,-30,10,7.6863201443217,4.64317230923003
0.2,-30,10,7.65728007366133,3.15984626237123
0.4,-30,10,7.5820947834612,1.9315932924938
0.6,-30,10,7.45937759549146,1.32171648953134
0.8,-30,10,7.28397877423563,0.920512109455319
0.85,-30,10,7.2305982578675,0.866189986344331
0.9,-30,10,7.96354704197487,0.833825826885086
1,-30,10,10.919346488315,1.01249910597435
1.1,-30,10,12.0305537663966,1.20184761578444
1.4,-30,10,10.8063109405905,0.855164138011358
2,-30,10,6.74874364863138,0.703751867016614
3,-30,10,6.08414713815831,0.563366673129127
5,-30,10,5.76256069747275,0.46770626249653
0,-25,10,7.05211884467451,3.56541439428811
0.2,-25,10,7.02558371556119,2.45512996281547
0.4,-25,10,6.95647300661412,1.48624067580928
0.6,-25,10,6.84307925710869,0.998623102461588
0.8,-25,10,6.68064373513516,0.666742175149872
0.85,-25,10,6.63123970529234,0.618271634984299
0.9,-25,10,7.28963666933245,0.586311862342129
1,-25,10,9.94988104965895,0.663075036494029
1.1,-25,10,10.9485007788536,0.755129244265268
1.4,-25,10,9.83485682349599,0.571307001282962
2,-25,10,6.14691242682252,0.477576046473833
3,-25,10,5.54881128733084,0.382551429373163
5,-25,10,5.26225662581897,0.31214572555108
0,-20,10,6.37499543016373,2.55506294003806
0.2,-20,10,6.35112249485523,1.76056886445052
0.4,-20,10,6.2884920596086,1.06519782314271
0.6,-20,10,6.18508033021938,0.714978063323748
0.8,-20,10,6.0365417303134,0.476180914683915
0.85,-20,10,5.99139650104096,0.441172301431011
0.9,-20,10,6.57102222528924,0.417981528650344
1,-20,10,8.9189224785854,0.470546308526264
1.1,-20,10,9.79837810270134,0.534356062614107
1.4,-20,10,8.80219136749067,0.405958475857784
2,-20,10,5.5067283124353,0.339700505368104
3,-20,10,4.97874122631564,0.272120479433961
5,-20,10,4.72892759870915,0.221789465760688
0,-15,10,5.66015510471133,1.71291974698185
0.2,-15,10,5.63908118247054,1.17459426592248
0.4,-15,10,5.58328676380865,0.713515918923264
0.6,-15,10,5.4904383652516,0.482553278444563
0.8,-15,10,5.35662248518773,0.327180271394047
0.85,-15,10,5.31598532961582,0.305049587191271
0.9,-15,10,5.81321255811354,0.290911046635556
1,-15,10,7.83434366272381,0.338127707205525
1.1,-15,10,8.58894991254426,0.391477227794075
1.4,-15,10,7.71618201184956,0.28907152039174
2,-15,10,4.83306825780461,0.240185959751
3,-15,10,4.37828035713851,0.192348511120579
5,-15,10,4.16663875314013,0.158001991492079
0,-10,10,4.91688776435607,1.0819335277107
0.2,-10,10,4.89871547476246,0.737383338275603
0.4,-10,10,4.85003084851404,0.450205912391055
0.6,-10,10,4.76820314241597,0.307363642913844
0.8,-10,10,4.64976604406739,0.212974954373418
0.85,-10,10,4.61383456224783,0.200061058242268
0.9,-10,10,5.02610867875872,0.192250446908057
1,-10,10,6.71041498405241,0.231594849746077
1.1,-10,10,7.33621243876889,0.273695459207416
1.4,-10,10,6.59120926824501,0.196033566155356
2,-10,10,4.1348788569361,0.161605736850869
3,-10,10,3.75543637965372,0.129377643583828
5,-10,10,3.58291753808362,0.107202780754945
0,-5,10,4.26389961984795,0.69327257237336
0.2,-5,10,4.24833112951989,0.469240288296852
0.4,-5,10,4.20611430165761,0.288139279222854
0.6,-5,10,4.13445539381671,0.198795920868344
0.8,-5,10,4.03033878865137,0.141009776962933
0.85,-5,10,3.99879491149517,0.133500146421849
0.9,-5,10,4.33821944393016,0.129300235568898
1,-5,10,5.73617057490717,0.161355027363599
1.1,-5,10,6.25473223917858,0.194372614643719
1.4,-5,10,5.62056107630459,0.135279036475353
2,-5,10,3.53287981323553,0.110666633188952
3,-5,10,3.21878633738652,0.0885691321703662
5,-5,10,3.08020846985975,0.0740146791113395
0,0,10,3.59207902930921,0.561620248752042
0.2,0,10,3.57917837310957,0.37876740067694
0.4,0,10,3.54360325695113,0.23327914804883
0.6,0,10,3.48240715784411,0.16181848216402
0.8,0,10,3.39303171982358,0.116135926981296
0.85,0,10,3.36600076060891,0.11037317823695
0.9,0,10,3.63087107330957,0.107308268247574
1,0,10,4.73598011243831,0.136145044348123
1.1,0,10,5.14449593253999,0.165425015493551
1.4,0,10,4.62397865342455,0.113641911178913
2,0,10,2.91441647168189,0.0926335265602815
3,0,10,2.66693841917612,0.0741258656685262
5,0,10,2.56281182851299,0.062190489443275
0,5,10,4.2640065686267,0.693272430202991
0.2,5,10,4.24844309935814,0.46924018820794
0.4,5,10,4.20624037414033,0.288139219730311
0.6,5,10,4.13460538552042,0.198795882291217
0.8,5,10,4.03052086489831,0.141009753434294
0.85,5,10,3.99898565567081,0.133500125341174
0.9,5,10,4.33839844277053,0.129300216304538
1,5,10,5.73571470554938,0.161355009646192
1.1,5,10,6.25313783186925,0.194372597322697
1.4,5,10,5.61892916504338,0.135279020202577
2,5,10,3.53167536496804,0.110666618935482
3,5,10,3.21746416216246,0.0885691207320038
5,5,10,3.07875131317915,0.0740146702478294
0,10,10,4.91710129275824,1.0819332372747
0.2,10,10,4.89893900551587,0.737383137367916
0.4,10,10,4.85028247356016,0.450205791227437
0.6,10,10,4.7685024186803,0.307363562085574
0.8,10,10,4.65012923934257,0.212974901337513
0.85,10,10,4.61421502594002,0.200061009369814
0.9,10,10,5.02646580291828,0.19225040086525
1,10,10,6.70950753240265,0.231594799373781
1.1,10,10,7.33303679819186,0.273695403034258
1.4,10,10,6.58795881974895,0.196033522333916
2,10,10,4.1324797414124,0.161605699947411
3,10,10,3.75280266561383,0.129377614014409
5,10,10,3.58001487169912,0.107202756823636
0,15,10,5.65910428045777,1.71291930481763
0.2,15,10,5.63803920039683,1.17459396517054
0.4,15,10,5.58225757291262,0.713515734996127
0.6,15,10,5.48941030659436,0.482553152490028
0.8,15,10,5.35556443926086,0.327180183515923
0.85,15,10,5.31491189143339,0.305049504449322
0.9,15,10,5.81166644897028,0.290910966936838
1,15,10,7.82848748332167,0.338127610162266
1.1,15,10,8.57804930642583,0.391477112428381
1.4,15,10,7.70562254012008,0.289071438489766
2,15,10,4.82574702317975,0.240185892390784
3,15,10,4.37078309688289,0.192348457198776
5,15,10,4.15878554132359,0.158001946696552
0,20,10,6.3737767386847,2.55506230222134
0.2,20,10,6.34991171554355,1.76056843609556
0.4,20,10,6.28728514413056,1.06519755840213
0.6,20,10,6.18384865800147,0.714977878529438
0.8,20,10,6.03522892158683,0.476180780278429
0.85,20,10,5.99005066776064,0.441172173146662
0.9,20,10,6.5690082918194,0.417981403401315
1,20,10,8.91103453013267,0.47054614674081
1.1,20,10,9.7838387585528,0.534355864233432
1.4,20,10,8.78813593632606,0.405958341448743
2,20,10,5.4970192073942,0.339700396229928
3,20,10,4.96884911907428,0.272120392114963
5,20,10,4.7186106869569,0.221789392187518
0,25,10,7.0510671566786,3.5654134963797
0.2,25,10,7.02453915450744,2.45512929767939
0.4,25,10,6.9554257158541,1.48624029662282
0.6,25,10,6.84198857859169,0.998622877539751
0.8,25,10,6.6794355746031,0.66674207260607
0.85,25,10,6.62998605655392,0.618271555661698
0.9,25,10,7.28760198233633,0.586311802653799
1,25,10,9.94089892851862,0.663075055983914
1.1,25,10,10.9316542381267,0.755129327520027
1.4,25,10,9.8185500429149,0.571306996538275
2,25,10,6.1356437255922,0.477576028601371
3,25,10,5.53733213854928,0.382551414609063
5,25,10,5.25029033275148,0.312145723545924
0,30,10,7.68546561676644,4.64317087131033
0.2,30,10,7.65643193051094,3.15984510458601
0.4,30,10,7.58123780455581,1.93159267558262
0.6,30,10,7.45846005194154,1.32171618188304
0.8,30,10,7.28291031483797,0.920512074509673
0.85,30,10,7.22947285595989,0.866190010367251
0.9,30,10,7.96154073142796,0.833825905261847
1,30,10,10.9094116540445,1.01249950595893
1.1,30,10,12.0116284990925,1.20184828982813
1.4,30,10,10.7879698280324,0.855164405557663
2,30,10,6.73606201118974,0.703752040898091
3,30,10,6.07122638350175,0.563366810810364
5,30,10,5.74909342500174,0.467706410777739
0,-30,15,8.17170304340881,5.1591010107926
0.2,-30,15,8.14063501165098,3.52544615123184
0.4,-30,15,8.06034789441891,2.14773749635418
0.6,-30,15,7.92948800310767,1.4603593298986
0.8,-30,15,7.74245224868141,1.00257131338983
0.85,-30,15,7.68547986641062,0.938805400637196
0.9,-30,15,8.47144242445495,0.899260625886483
1,-30,15,11.6297195579314,1.06730929212534
1.1,-30,15,12.8096002325635,1.25079667940322
1.4,-30,15,11.5037850337593,0.907140093611167
2,-30,15,7.17903891282815,0.750268313500021
3,-30,15,6.46491401040306,0.600726398254035
5,-30,15,6.11692286649367,0.495974886197981
0,-25,15,7.54971209563995,4.10701019083365
0.2,-25,15,7.52110096042501,2.83235318207268
0.4,-25,15,7.44677190883531,1.71245197957895
0.6,-25,15,7.32505668464101,1.14788731190461
0.8,-25,15,7.15073590178584,0.762045564347884
0.85,-25,15,7.09766388980259,0.705205179662182
0.9,-25,15,7.8104990075959,0.667331374773898
1,-25,15,10.6788817641301,0.746748378682518
1.1,-25,15,11.7483124605768,0.844836311105538
1.4,-25,15,10.5509710751486,0.645369277934611
2,-25,15,6.58875524921296,0.540758796957068
3,-25,15,5.93985122419676,0.433203473851077
5,-25,15,5.62622303504376,0.352557537210292
0,-20,15,6.88571624900494,3.13129325614375
0.2,-20,15,6.85971587685581,2.15960559513325
0.4,-20,15,6.79174143860341,1.30563381245077
0.6,-20,15,6.67981397792636,0.875097654392146
0.8,-20,15,6.51911925499916,0.580801943793658
0.85,-20,15,6.47022307365849,0.537431333477973
0.9,-20,15,7.10577802743211,0.50851958274074
1,-20,15,9.66777259434827,0.568765150347495
1.1,-20,15,10.6202768369131,0.643281616259746
1.4,-20,15,9.53813174109792,0.491617175346496
2,-20,15,5.96086107130214,0.411972754512763
3,-20,15,5.38072716847552,0.330033999815022
5,-20,15,5.10314023272801,0.268562749674172
0,-15,15,6.19728118067536,2.31990408942814
0.2,-15,15,6.17398370024422,1.5951947815943
0.4,-15,15,6.11261655232134,0.966812105866661
0.6,-15,15,6.01090936725442,0.65106729870403
0.8,-15,15,5.86447045849562,0.437012746725607
0.85,-15,15,5.8199404214728,0.4060110457792
0.9,-15,15,6.37619152757854,0.385780208898916
1,-15,15,8.62402255724341,0.440526541137572
1.1,-15,15,9.45671123933463,0.50465900638568
1.4,-15,15,8.49336534653175,0.378509510942498
2,-15,15,5.31287322531717,0.315732256500824
3,-15,15,4.80325876509413,0.252888329431114
5,-15,15,4.56247432453755,0.206835323759247
0,-10,15,5.58105801066474,1.71271735137921
0.2,-10,15,5.56022905636763,1.17456596185199
0.4,-10,15,5.50497542994019,0.71344315469303
0.6,-10,15,5.41285412546068,0.482433589087711
0.8,-10,15,5.27990380739878,0.326987426549852
0.85,-10,15,5.2395099578816,0.304833376890401
0.9,-10,15,5.72639461215461,0.290669179419815
1,-10,15,7.70162594003084,0.337647899895998
1.1,-10,15,8.4324266487158,0.390786028751337
1.4,-10,15,7.57414581943564,0.288709185314079
2,-10,15,4.74313696950359,0.23991604457928
3,-10,15,4.29588916041759,0.192133363444779
5,-10,15,4.08766275032115,0.157802629666437
0,-5,15,4.94101760628767,1.33874699313562
0.2,-5,15,4.92274105277231,0.916592433677305
0.4,-5,15,4.87382579802489,0.557505891367365
0.6,-5,15,4.7916670861426,0.377950074625243
0.8,-5,15,4.67274474137242,0.257694579097398
0.85,-5,15,4.63664885532746,0.240732469057619
0.9,-5,15,5.05201918617932,0.230034021528701
1,-5,15,6.74627409532023,0.269926615858714
1.1,-5,15,7.37176891508558,0.31426145121626
1.4,-5,15,6.62217275991512,0.230149296183668
2,-5,15,4.15271746975062,0.190827443636721
3,-5,15,3.76956598632204,0.152807667881751
5,-5,15,3.59464015607889,0.125812944140781
0,0,15,4.28229397266596,1.2120834240685
0.2,0,15,4.26663334734894,0.829552783065198
0.4,0,15,4.22422968796214,0.504725110406105
0.6,0,15,4.15232742415049,0.342371050919742
0.8,0,15,4.04785440946687,0.233756429811645
0.85,0,15,4.01618208424899,0.218473851349297
0.9,0,15,4.35839646986773,0.208866180830973
1,0,15,5.76536733019629,0.245652371729114
1.1,0,15,6.28286290283412,0.286382105028647
1.4,0,15,5.6447303480265,0.209317486437345
2,0,15,3.5461306770244,0.173466935656246
3,0,15,3.2283175052591,0.138903152116567
5,0,15,3.0871875624425,0.114428780807061
0,5,15,4.94112065937622,1.3387468104089
0.2,5,15,4.92284902325008,0.916592301698582
0.4,5,15,4.87394757366187,0.557505814554883
0.6,5,15,4.79181226758475,0.377950026936769
0.8,5,15,4.67292131003406,0.257694553514988
0.85,5,15,4.63683390213811,0.240732447406394
0.9,5,15,5.05219285757418,0.230034003037519
1,5,15,6.74582533723257,0.269926606375698
1.1,5,15,7.37020431668412,0.314261448438671
1.4,5,15,6.62057155648202,0.23014928518352
2,5,15,4.15153577317764,0.190827432614304
3,5,15,3.76826881890024,0.152807658993666
5,5,15,3.5932105109522,0.125812938207763
0,10,15,5.58126377877184,1.71271696855309
0.2,10,15,5.56044462012568,1.17456569079665
0.4,10,15,5.50521849489353,0.713442994334573
0.6,10,15,5.41314381806795,0.48243348608535
0.8,10,15,5.28025602878365,0.32698736534716
0.85,10,15,5.2398790693051,0.30483332264228
0.9,10,15,5.72674112818559,0.290669130444218
1,10,15,7.70073268276588,0.337647858331337
1.1,10,15,8.42931044136949,0.390785991118517
1.4,10,15,7.57095659197571,0.288709146079629
2,10,15,4.74078320840217,0.23991600957211
3,10,15,4.29330529228612,0.192133335331932
5,10,15,4.0848149151779,0.157802608323167
0,15,15,6.19758807118179,2.3199035012773
0.2,15,15,6.17430518861278,1.59519437272695
0.4,15,15,6.11297902313178,0.966811860292121
0.6,15,15,6.01134132145249,0.651067136165857
0.8,15,15,5.8649955896805,0.437012642139271
0.85,15,15,5.82049072083359,0.406010950098378
0.9,15,15,6.37670817401067,0.385780119447167
1,15,15,8.6226915045314,0.440526447160071
1.1,15,15,9.45206709277266,0.504658904404939
1.4,15,15,8.48861233153485,0.378509428192253
2,15,15,5.3093652921434,0.315732186178245
3,15,15,4.79940783929233,0.252888273063825
5,15,15,4.55822994512275,0.206835278595395
0,20,15,6.88600510510829,3.13129240989903
0.2,20,15,6.86001907046223,2.15960501591557
0.4,20,15,6.79207999126863,1.30563346006021
0.6,20,15,6.68020415961529,0.875097415383666
0.8,20,15,6.51956597013138,0.580801780654965
0.85,20,15,6.47068210712294,0.53743118101994
0.9,20,15,7.10605944048722,0.508519437001853
1,20,15,9.66493597055636,0.568764979021742
1.1,20,15,10.6127325078569,0.643281416582547
1.4,20,15,9.53056963078127,0.491617029342527
2,20,15,5.95541732683159,0.411972633502802
3,20,15,5.37491473441161,0.330033902916232
5,20,15,5.09686184630172,0.268562669857885
0,25,15,7.55016262922585,4.10700899522837
0.2,25,15,7.52156505525856,2.8323522878451
0.4,25,15,7.44726487354185,1.71245147377987
0.6,25,15,7.3255829604086,1.14788701727188
0.8,25,15,7.15128299732375,0.762045439764781
0.85,25,15,7.09821106065775,0.705205088014174
0.9,25,15,7.81075798440713,0.667331311389307
1,25,15,10.6749702421652,0.746748438749065
1.1,25,15,11.738504427727,0.844836471984391
1.4,25,15,10.5412002242762,0.645369297070223
2,25,15,6.58178148679518,0.540758791892423
3,25,15,5.93248184770982,0.433203469116015
5,25,15,5.61832646896556,0.352557548554756
0,30,15,8.1723447555741,5.15909910363933
0.2,30,15,8.14128955064224,3.52544459829767
0.4,30,15,8.06102529211618,2.14773667631678
0.6,30,15,7.93018181992205,1.46035893168704
0.8,30,15,7.74313402717206,1.00257129122687
0.85,30,15,7.6861504671466,0.938805460761325
0.9,30,15,8.47172708330169,0.89926076238838
1,30,15,11.6248718307051,1.06730989163416
1.1,30,15,12.7977525616232,1.25079767457557
1.4,30,15,11.4920182809967,0.90714049994529
2,30,15,7.1706789700518,0.750268582012449
3,30,15,6.45613032798675,0.600726611048603
5,30,15,6.1075536635125,0.495975111211946
