0,-30,-15,-19.7044501875376
0.2,-30,-15,-17.9002663400976
0.4,-30,-15,-16.1608327539961
0.6,-30,-15,-15.2647914643761
0.8,-30,-15,-14.6202965138491
0.85,-30,-15,-13.0861222085148
0.9,-30,-15,-11.9318252540193
1,-30,-15,-10.9495889829925
1.1,-30,-15,-10.7208425313888
1.4,-30,-15,-10.0510655989243
2,-30,-15,-8.80035175635893
3,-30,-15,-7.06214677072235
5,-30,-15,-5.47479449149624
0,-25,-15,-16.2526747064881
0.2,-25,-15,-14.5541887728395
0.4,-25,-15,-12.9166597135357
0.6,-25,-15,-12.073112905073
0.8,-25,-15,-11.4663756208815
0.85,-25,-15,-10.2633459109828
0.9,-25,-15,-9.35839017604764
1,-25,-15,-8.5885034046455
1.1,-25,-15,-8.40908208742068
1.4,-25,-15,-7.88373072731402
2,-25,-15,-6.90271124687555
3,-25,-15,-5.53931948301122
5,-25,-15,-4.29425170232275
0,-20,-15,-12.3087311500287
0.2,-20,-15,-10.8548486325204
0.4,-20,-15,-9.45314442993133
0.6,-20,-15,-8.73107901082638
0.8,-20,-15,-8.21171955501299
0.85,-20,-15,-7.35032058740826
0.9,-20,-15,-6.70251033977339
1,-20,-15,-6.15153580378637
1.1,-20,-15,-6.02302486248849
1.4,-20,-15,-5.64674071273593
2,-20,-15,-4.94408319793947
3,-20,-15,-3.96755063401659
5,-20,-15,-3.07576790189318
0,-15,-15,-8.45460977802047
0.2,-15,-15,-7.31859563873212
0.4,-15,-15,-6.22335185248038
0.6,-15,-15,-5.6591545973953
0.8,-15,-15,-5.25334485825059
0.85,-15,-15,-4.70241314222222
0.9,-15,-15,-4.28822713227961
1,-15,-15,-3.93608175972142
1.1,-15,-15,-3.85385358319746
1.4,-15,-15,-3.6130868502132
2,-15,-15,-3.16348897489576
3,-15,-15,-2.53865118881558
5,-15,-15,-1.96804087986071
0,-10,-15,-4.86607478409368
0.2,-10,-15,-4.0896185463169
0.4,-10,-15,-3.34102850653608
0.6,-10,-15,-2.95540436428573
0.8,-10,-15,-2.67803677491147
0.85,-10,-15,-2.39731598202793
0.9,-10,-15,-2.18640569226318
1,-10,-15,-2.00720972756572
1.1,-10,-15,-1.96527736795677
1.4,-10,-15,-1.84249807676785
2,-10,-15,-1.61322508806501
3,-10,-15,-1.2945882916435
5,-10,-15,-1.00360486378286
0,-5,-15,-1.93773584305508
0.2,-5,-15,-1.54391291627249
0.4,-5,-15,-1.16422388026073
0.6,-5,-15,-0.968633168318091
0.8,-5,-15,-0.827950782721227
0.85,-5,-15,-0.741264887005623
0.9,-5,-15,-0.676240247524678
1,-5,-15,-0.621088623000918
1.1,-5,-15,-0.608113540660972
1.4,-5,-15,-0.570122084237515
2,-5,-15,-0.499178404118224
3,-5,-15,-0.400582982618914
5,-5,-15,-0.310544311500459
0,0,-15,-0.00827810923188738
0.2,0,-15,-0.00827829362867302
0.4,0,-15,-0.00827847140765189
0.6,0,-15,-0.00827856298763906
0.8,0,-15,-0.00827862885830818
0.85,0,-15,-0.00740923232257575
0.9,0,-15,-0.00675441736104769
1,0,-15,-0.00619657784764165
1.1,0,-15,-0.00606712593881331
1.4,0,-15,-0.00568808660601122
2,0,-15,-0.00498028417592755
3,0,-15,-0.00399660136140493
5,0,-15,-0.00309828892382082
0,5,-15,1.92059950709051
0.2,5,-15,1.52677621891688
0.4,5,-15,1.14708683448404
0.6,5,-15,0.951495943057874
0.8,5,-15,0.810813428364025
0.85,5,-15,0.725927245699028
0.9,5,-15,0.662258120039034
1,5,-15,0.608261263207683
1.1,5,-15,0.595554155587219
1.4,5,-15,0.558347337720265
2,5,-15,0.488868859306891
3,5,-15,0.392309731661148
5,5,-15,0.304130631603841
0,10,-15,4.84689873182247
0.2,10,-15,4.0704421489663
0.4,10,-15,3.32185177649064
0.6,10,-15,2.93622746285787
0.8,10,-15,2.65885975021351
0.85,10,-15,2.38015287034259
0.9,10,-15,2.17075942619378
1,10,-15,1.9928556683591
1.1,10,-15,1.95122317755022
1.4,10,-15,1.82932191180671
2,10,-15,1.60168851163771
3,10,-15,1.28533036670858
5,10,-15,0.996427834179549
0,15,-15,8.43209035326676
0.2,15,-15,7.29607589378213
0.4,15,-15,6.20083179882561
0.6,15,-15,5.63663438471622
0.8,15,-15,5.23082453119021
0.85,15,-15,4.68225783159899
0.9,15,-15,4.26985311244515
1,15,-15,3.91922522860039
1.1,15,-15,3.8373491996946
1.4,15,-15,3.59761356620858
2,15,-15,3.14994112360312
3,15,-15,2.52777924677219
5,15,-15,1.9596126143002
0,20,-15,12.2826187337838
0.2,20,-15,10.8287358926031
0.4,20,-15,9.42703137795799
0.6,20,-15,8.70496579810236
0.8,20,-15,8.18560622666594
0.85,20,-15,7.32694960156307
0.9,20,-15,6.68120484036013
1,20,-15,6.13198990045682
1.1,20,-15,6.00388729010516
1.4,20,-15,5.62879874643376
2,20,-15,4.92837385716303
3,20,-15,3.95494412994653
5,20,-15,3.06599495022841
0,25,-15,16.2244004935205
0.2,25,-15,14.5259140569326
0.4,25,-15,12.8883845127396
0.6,25,-15,12.044837454494
0.8,25,-15,11.4380999906413
0.85,25,-15,10.2380397017296
0.9,25,-15,9.33532048504013
1,25,-15,8.56733901249633
1.1,25,-15,8.38835983785896
1.4,25,-15,7.86430308540133
2,25,-15,6.88570110193663
3,25,-15,5.52566910363143
5,25,-15,4.28366950624817
0,30,-15,19.6755864368983
0.2,30,-15,17.8714017275317
0.4,30,-15,16.1319673104373
0.6,30,-15,15.2359255927446
0.8,30,-15,14.591430334318
0.85,30,-15,13.0602874679001
0.9,30,-15,11.9082737427529
1,30,-15,10.9279825641752
1.1,30,-15,10.6996874894811
1.4,30,-15,10.0312322030565
2,30,-15,8.78298634784155
3,30,-15,7.04821129779143
5,30,-15,5.4639912820876
0,-30,-10,-20.9022769801391
0.2,-30,-10,-18.9912790219007
0.4,-30,-10,-17.1488647711314
0.6,-30,-10,-16.199774645205
0.8,-30,-10,-15.5171232977274
0.85,-30,-10,-13.8888382977825
0.9,-30,-10,-12.6637308212098
1,-30,-10,-11.6212367316383
1.1,-30,-10,-11.3784589735199
1.4,-30,-10,-10.6675979264386
2,-30,-10,-9.34016530129024
3,-30,-10,-7.49533882811645
5,-30,-10,-5.81061836581916
0,-25,-10,-17.2921147018108
0.2,-25,-10,-15.4897812287295
0.4,-25,-10,-13.7521316089964
0.6,-25,-10,-12.8570093010141
0.8,-25,-10,-12.2131753457245
0.85,-25,-10,-10.9317883455195
0.9,-25,-10,-9.96788528588041
1,-25,-10,-9.14784516833711
1.1,-25,-10,-8.95673871444853
1.4,-25,-10,-8.39717290014943
2,-25,-10,-7.3522627579098
3,-25,-10,-5.90007764811863
5,-25,-10,-4.57392258416855
0,-20,-10,-13.1700078214145
0.2,-20,-10,-11.6256543011974
0.4,-20,-10,-10.1367260050642
0.6,-20,-10,-9.3697284943349
0.8,-20,-10,-8.81805076646865
0.85,-20,-10,-7.89303715220325
0.9,-20,-10,-7.19737446556679
1,-20,-10,-6.60569010180548
1.1,-20,-10,-6.46769148162634
1.4,-20,-10,-6.06362710440906
2,-20,-10,-5.30909393765202
3,-20,-10,-4.26046613195419
5,-20,-10,-3.30284505090274
0,-15,-10,-9.0749828241818
0.2,-15,-10,-7.86918916064074
0.4,-15,-10,-6.70667016389447
0.6,-15,-10,-6.10781716405855
0.8,-15,-10,-5.67708061321731
0.85,-15,-10,-5.08169605298517
0.9,-15,-10,-4.63407599027901
1,-15,-10,-4.25349109557032
1.1,-15,-10,-4.16463196153791
1.4,-15,-10,-3.90444957271207
2,-15,-10,-3.41859570178399
3,-15,-10,-2.74337040883783
5,-15,-10,-2.12674554778516
0,-10,-10,-5.24681571555426
0.2,-10,-10,-4.42326235749323
0.4,-10,-10,-3.62926546355654
0.6,-10,-10,-3.22025070928138
0.8,-10,-10,-2.92605897183006
0.85,-10,-10,-2.61932309172025
0.9,-10,-10,-2.38885045325541
1,-10,-10,-2.19301832231954
1.1,-10,-10,-2.14720425931574
1.4,-10,-10,-2.01305921633349
2,-10,-10,-1.76256229110781
3,-10,-10,-1.41442909749031
5,-10,-10,-1.09650916115977
0,-5,-10,-2.11415494264715
0.2,-5,-10,-1.69661580100802
0.4,-5,-10,-1.29406170015534
0.6,-5,-10,-1.08669241710139
0.8,-5,-10,-0.937538067440365
0.85,-5,-10,-0.839359485093874
0.9,-5,-10,-0.765694749163067
1,-5,-10,-0.703197233696497
1.1,-5,-10,-0.688506830957595
1.4,-5,-10,-0.645492861498623
2,-5,-10,-0.565170347511661
3,-5,-10,-0.453540501003664
5,-5,-10,-0.351598616848249
0,0,-10,-0.00844548204241003
0.2,0,-10,-0.00844560450622063
0.4,0,-10,-0.00844572257493383
0.6,0,-10,-0.00844578339613614
0.8,0,-10,-0.00844582714295699
0.85,0,-10,-0.00755887199347529
0.9,0,-10,-0.00689083222140329
1,0,-10,-0.00632172647895354
1.1,0,-10,-0.00618966010620513
1.4,0,-10,-0.00580296553935613
2,0,-10,-0.00508086804068103
3,0,-10,-0.00407731836401136
5,0,-10,-0.00316086323947677
0,5,-10,2.09668815459085
0.2,5,-10,1.67914877342546
0.4,5,-10,1.27659444164287
0.6,5,-10,1.06922503962908
0.8,5,-10,0.920070604403896
0.85,5,-10,0.823726402035682
0.9,5,-10,0.751443290390014
1,5,-10,0.6901227861461
1.1,5,-10,0.675705520005154
1.4,5,-10,0.633491303248094
2,5,-10,0.554662214499337
3,5,-10,0.445107886072598
5,5,-10,0.34506139307305
0,10,-10,5.22730138105042
0.2,10,-10,4.40374779534614
0.4,10,-10,3.60975068193609
0.6,10,-10,3.20073581460274
0.8,10,-10,2.90654399583215
0.85,10,-10,2.60185751927375
0.9,10,-10,2.37292845722205
1,10,-10,2.17841130514604
1.1,10,-10,2.13290239545459
1.4,10,-10,1.99965085113882
2,10,-10,1.75082240850239
3,10,-10,1.40500802247809
5,10,-10,1.08920565257302
0,15,-10,9.05220414112319
0.2,15,-10,7.84641026808193
0.4,15,-10,6.68389106935419
0.6,15,-10,6.08503796547077
0.8,15,-10,5.65430133979136
0.85,15,-10,5.06130898968185
0.9,15,-10,4.61549069951594
1,15,-10,4.2364407419357
1.1,15,-10,4.14793780464259
1.4,15,-10,3.88879837127131
2,15,-10,3.40489207237945
3,15,-10,2.73237345725842
5,15,-10,2.11822037096785
0,20,-10,13.1438876834213
0.2,20,-10,11.5995339472581
0.4,20,-10,10.1106054429288
0.6,20,-10,9.34360782495067
0.8,20,-10,8.79193001994362
0.85,20,-10,7.86965952714262
0.9,20,-10,7.1760629135669
1,20,-10,6.58613864557413
1.1,20,-10,6.44854847234616
1.4,20,-10,6.04568004087626
2,20,-10,5.29338013392366
3,20,-10,4.24785604643394
5,20,-10,3.29306932278706
0,25,-10,17.2641316886791
0.2,25,-10,15.4617978643284
0.4,25,-10,13.7241479059326
0.6,25,-10,12.8290254234935
0.8,25,-10,12.1851913427227
0.85,25,-10,10.9067431375981
0.9,25,-10,9.94505352918515
1,25,-10,9.12689905952329
1.1,25,-10,8.93623018809315
1.4,25,-10,8.37794562923936
2,25,-10,7.33542805061851
3,25,-10,5.88656805474956
5,25,-10,4.56344952976164
0,30,-10,20.8740590656136
0.2,30,-10,18.9630605004444
0.4,30,-10,17.1206456645262
0.6,30,-10,16.1715552371699
0.8,30,-10,15.4889036728829
0.85,30,-10,13.8635822124781
0.9,30,-10,12.6407068244146
1,30,-10,11.6001142600559
1.1,30,-10,11.3577777687678
1.4,30,-10,10.6482087650906
2,30,-10,9.32318884855055
3,30,-10,7.48171548620772
5,30,-10,5.80005713002796
0,-30,-5,-21.5438786321341
0.2,-30,-5,-19.5665482514049
0.4,-30,-5,-17.6601821790449
0.6,-30,-5,-16.6781482988129
0.8,-30,-5,-15.9718015217302
0.85,-30,-5,-14.2958118918241
0.9,-30,-5,-13.0348188463793
1,-30,-5,-11.9617946506096
1.1,-30,-5,-11.7119023409175
1.4,-30,-5,-10.9802096590918
2,-30,-5,-9.61387689768132
3,-30,-5,-7.71498816942439
5,-30,-5,-5.98089732530481
0,-25,-5,-17.8777690046505
0.2,-25,-5,-16.010989712625
0.4,-25,-5,-14.2112071666303
0.6,-25,-5,-13.2840780790731
0.8,-25,-5,-12.6172226312948
0.85,-25,-5,-11.2934468484396
0.9,-25,-5,-10.2976607537282
1,-25,-5,-9.45049913936779
1.1,-25,-5,-9.25306998039462
1.4,-25,-5,-8.67499108321817
2,-25,-5,-7.59551037292676
3,-25,-5,-6.09528011347881
5,-25,-5,-4.7252495696839
0,-20,-5,-13.6778529734583
0.2,-20,-5,-12.0772692485514
0.4,-20,-5,-10.5341287906534
0.6,-20,-5,-9.73920475503175
0.8,-20,-5,-9.16744033642103
0.85,-20,-5,-8.20577244049172
0.9,-20,-5,-7.48254030520817
1,-20,-5,-6.86740413387786
1.1,-20,-5,-6.7239380796001
1.4,-20,-5,-6.30386488032962
2,-20,-5,-5.51943749898471
3,-20,-5,-4.42926360091156
5,-20,-5,-3.43370206693893
0,-15,-5,-9.4371251360287
0.2,-15,-5,-8.18795469692846
0.4,-15,-5,-6.98361567149082
0.6,-15,-5,-6.36321975519063
0.8,-15,-5,-5.91698804688098
0.85,-15,-5,-5.29643810289895
0.9,-15,-5,-4.82989316367804
1,-15,-5,-4.43321287108367
1.1,-15,-5,-4.34059919261233
1.4,-15,-5,-4.06942337748645
2,-15,-5,-3.56304083531836
3,-15,-5,-2.85928540423551
5,-15,-5,-2.21660643554184
0,-10,-5,-5.42765739810928
0.2,-10,-5,-4.57485517236677
0.4,-10,-5,-3.75265912185699
0.6,-10,-5,-3.3291180247402
0.8,-10,-5,-3.02447793550029
0.85,-10,-5,-2.7074259262956
0.9,-10,-5,-2.469203087675
1,-10,-5,-2.26678658734793
1.1,-10,-5,-2.21943144103111
1.4,-10,-5,-2.08077405677826
2,-10,-5,-1.82185097141485
3,-10,-5,-1.4620073504696
5,-10,-5,-1.13339329367396
0,-5,-5,-2.16803256522717
0.2,-5,-5,-1.73577280690179
0.4,-5,-5,-1.31902639681827
0.6,-5,-5,-1.10434617348611
0.8,-5,-5,-0.949933289260329
0.85,-5,-5,-0.850462828161585
0.9,-5,-5,-0.775835003114538
1,-5,-5,-0.712526115735042
1.1,-5,-5,-0.697640824524338
1.4,-5,-5,-0.654056215381557
2,-5,-5,-0.572668112364779
3,-5,-5,-0.459557341842648
5,-5,-5,-0.356263057867521
0,0,-5,-0.00855414073652385
0.2,0,-5,-0.00855420168466621
0.4,0,-5,-0.00855426044544383
0.6,0,-5,-0.00855429071511516
0.8,0,-5,-0.0085543124871591
0.85,0,-5,-0.00765596457800424
0.9,0,-5,-0.00697934401261381
1,0,-5,-0.00640292829710744
1.1,0,-5,-0.00626916554764614
1.4,0,-5,-0.00587750393548082
2,0,-5,-0.00514613118107107
3,0,-5,-0.00412969102920849
5,0,-5,-0.00320146414855372
0,5,-5,2.150352203082
0.2,5,-5,1.71809232559967
0.4,5,-5,1.3013458006356
0.6,5,-5,1.08666551812457
0.8,5,-5,0.932252591333254
0.85,5,-5,0.834638903411794
0.9,5,-5,0.761409568749242
1,5,-5,0.699292060813401
1.1,5,-5,0.684683240537667
1.4,5,-5,0.641908147142303
2,5,-5,0.562031700472578
3,5,-5,0.451021785085806
5,5,-5,0.349646030406701
0,10,-5,5.4080442622563
0.2,10,-5,4.55524192338047
0.4,10,-5,3.7330457637976
0.6,10,-5,3.30950461049356
0.8,10,-5,3.00486448083989
0.85,10,-5,2.68987221703962
0.9,10,-5,2.45320074406453
1,10,-5,2.25210585820381
1.1,10,-5,2.20505740510661
1.4,10,-5,2.06729802841804
2,10,-5,1.8100518453738
3,10,-5,1.45253873351256
5,10,-5,1.12605292910191
0,15,-5,9.41444810065073
0.2,15,-5,8.16527755761241
0.4,15,-5,6.96093843196691
0.6,15,-5,6.34054246404624
0.8,15,-5,5.89431071860757
0.85,15,-5,5.27614227870796
0.9,15,-5,4.81139104834679
1,15,-5,4.41623882333508
1.1,15,-5,4.32397974750663
1.4,15,-5,4.05384222026992
2,15,-5,3.54939853411885
3,15,-5,2.84833766759626
5,15,-5,2.20811941166754
0,20,-5,13.6520474170891
0.2,20,-5,12.0514635830012
0.4,20,-5,10.5083230198407
0.6,20,-5,9.71339892999472
0.8,20,-5,9.14163447238212
0.85,20,-5,8.18267662984535
0.9,20,-5,7.46148566123537
1,20,-5,6.84808836776008
1.1,20,-5,6.70502583666172
1.4,20,-5,6.28613416617726
2,20,-5,5.50391312299727
3,20,-5,4.41680552823646
5,20,-5,3.42404418388004
0,25,-5,17.8503249050773
0.2,25,-5,15.9835454307162
0.4,25,-5,14.1837627089297
0.6,25,-5,13.2566335308162
0.8,25,-5,12.5897780179036
0.85,25,-5,11.2688843849604
0.9,25,-5,10.2752690771737
1,25,-5,9.42995676470694
1.1,25,-5,9.23295675383407
1.4,25,-5,8.65613441603233
2,25,-5,7.5790001529352
3,25,-5,6.08203091617108
5,25,-5,4.71497838235347
0,30,-5,21.516423544332
0.2,30,-5,19.5390928477439
0.4,30,-5,17.632726470861
0.6,30,-5,16.6506924337589
0.8,30,-5,15.9443455438444
0.85,30,-5,14.2712392574041
0.9,30,-5,13.0124178979387
1,30,-5,11.9412437700533
1.1,30,-5,11.6917807861571
1.4,30,-5,10.9613451840044
2,30,-5,9.5973598413718
3,30,-5,7.70173348607678
5,30,-5,5.97062188502667
0,-30,0,-21.7212099883939
0.2,-30,0,-19.7213982937885
0.4,-30,0,-17.7933577382703
0.6,-30,0,-16.800158595969
0.8,-30,0,-16.0857809891597
0.85,-30,0,-14.3978365943508
0.9,-30,0,-13.1278545896736
1,-30,0,-12.0471865430693
1.1,-30,0,-11.7955103223623
1.4,-30,0,-11.0585942919819
2,-30,0,-9.68250766473147
3,-30,0,-7.77006330315928
5,-30,0,-6.02359327153467
0,-25,0,-18.0541213413935
0.2,-25,0,-16.1655089668404
0.4,-25,0,-14.3446769046944
0.6,-25,0,-13.4067044967892
0.8,-25,0,-12.7320497820662
0.85,-25,0,-11.396229780325
0.9,-25,0,-10.3913869137756
1,-25,0,-9.5365232785887
1.1,-25,0,-9.33729700041501
1.4,-25,0,-8.75395608069371
2,-25,0,-7.66464928634696
3,-25,0,-6.15076302685087
5,-25,0,-4.76826163929435
0,-20,0,-13.8336798279006
0.2,-20,0,-12.214032419634
0.4,-20,0,-10.6525124539284
0.6,-20,0,-9.84812050989668
0.8,-20,0,-9.2695461158607
0.85,-20,0,-8.29716811148121
0.9,-20,0,-7.56588216533024
1,-20,0,-6.94389668988085
1.1,-20,0,-6.79883263947859
1.4,-20,0,-6.37408045640373
2,-20,0,-5.58091573352073
3,-20,0,-4.47859893744337
5,-20,0,-3.47194834494043
0,-15,0,-9.54613911748488
0.2,-15,0,-8.28226042527252
0.4,-15,0,-7.06374101046248
0.6,-15,0,-6.43604029420781
0.8,-15,0,-5.98455446787948
0.85,-15,0,-5.35691872542584
0.9,-15,0,-4.88504680593688
1,-15,0,-4.48383751803866
1.1,-15,0,-4.39016624659533
1.4,-15,0,-4.11589376539391
2,-15,0,-3.6037286366082
3,-15,0,-2.89193673823238
5,-15,0,-2.24191875901933
0,-10,0,-5.47957337265976
0.2,-10,0,-4.61685809408844
0.4,-10,0,-3.78510475979314
0.6,-10,0,-3.35664038135255
0.8,-10,0,-3.04845912722441
0.85,-10,0,-2.7288953056994
0.9,-10,0,-2.48878730079933
1,-10,0,-2.28477093961768
1.1,-10,0,-2.2370400845165
1.4,-10,0,-2.0972826129166
2,-10,0,-1.83630526977527
3,-10,0,-1.47360670232679
5,-10,0,-1.14238546980884
0,-5,0,-2.16298256330773
0.2,-5,0,-1.72573499691146
0.4,-5,0,-1.30417978594443
0.6,-5,0,-1.08702238603042
0.8,-5,0,-0.93082774485096
0.85,-5,0,-0.83336702051286
0.9,-5,0,-0.760256260713215
1,-5,0,-0.698242846196205
1.1,-5,0,-0.683655944927753
1.4,-5,0,-0.640945031087338
2,-5,0,-0.561188430673723
3,-5,0,-0.450345074057462
5,-5,0,-0.349121423098103
0,0,0,-0.00859229745185123
0.2,0,0,-0.00859229745185123
0.4,0,0,-0.00859229745185123
0.6,0,0,-0.00859229745185123
0.8,0,0,-0.00859229745185123
0.85,0,0,-0.00768996051798281
0.9,0,0,-0.00701033552744361
1,0,0,-0.00643136036815212
1.1,0,0,-0.00629700364796066
1.4,0,0,-0.00590360287048442
2,0,0,-0.00516898247044308
3,0,0,-0.00414802883704995
5,0,0,-0.00321568018407606
0,5,0,2.14533408281946
0.2,5,0,1.70808651642318
0.4,5,0,1.28653130545615
0.6,5,0,1.06937390554214
0.8,5,0,0.913179264362684
0.85,5,0,0.817571929744908
0.9,5,0,0.74585711188653
1,5,0,0.685032905710969
1.1,5,0,0.670721971605904
1.4,5,0,0.62881909845359
2,5,0,0.550571399922047
3,5,0,0.441825070367447
5,5,0,0.342516452855485
0,10,0,5.46020456597063
0.2,10,0,4.5974892873993
0.4,10,0,3.765735953104
0.6,10,0,3.33727157466341
0.8,10,0,3.02909032053527
0.85,10,0,2.71156055215362
0.9,10,0,2.47298456184413
1,10,0,2.27027332982043
1.1,10,0,2.22284534241619
1.4,10,0,2.08397467712776
2,10,0,1.82465331954769
3,10,0,1.46425619169375
5,10,0,1.13513666491021
0,15,0,9.52388929910614
0.2,15,0,8.26001060689378
0.4,15,0,7.04149119208374
0.6,15,0,6.41379047582907
0.8,15,0,5.96230464950074
0.85,15,0,5.33700551527179
0.9,15,0,4.8668934897681
1,15,0,4.46718346236595
1.1,15,0,4.3738601086523
1.4,15,0,4.10060634170024
2,15,0,3.59034351792315
3,15,0,2.88119538660072
5,15,0,2.23359173118298
0,20,0,13.8084464602764
0.2,20,0,12.1887990520098
0.4,20,0,10.6272790863041
0.6,20,0,9.82288714227245
0.8,20,0,9.24431274823647
0.85,20,0,8.27458467534514
0.9,20,0,7.54529461298765
1,20,0,6.92500943866512
1.1,20,0,6.78033995939268
1.4,20,0,6.35674309321616
2,20,0,5.56573576149919
3,20,0,4.46641724364753
5,20,0,3.46250471933256
0,25,0,18.0273543350537
0.2,25,0,16.1387419605006
0.4,25,0,14.3179098983546
0.6,25,0,13.3799374904494
0.8,25,0,12.7052827757264
0.85,25,0,11.3722737635447
0.9,25,0,10.3695480870172
1,25,0,9.51648809420261
1.1,25,0,9.31768036848259
1.4,25,0,8.7355649837435
2,25,0,7.64854670291895
3,25,0,6.13784095160833
5,25,0,4.7582440471013
0,30,0,21.6945108028971
0.2,30,0,19.6946991082918
0.4,30,0,17.7666585527735
0.6,30,0,16.7734594104722
0.8,30,0,16.0590818036629
0.85,30,0,14.373941276075
0.9,30,0,13.1060710969942
1,30,0,12.0272021227873
1.1,30,0,11.7759433940276
1.4,30,0,11.0402497934328
2,30,0,9.66644588118856
3,30,0,7.75717396919627
5,30,0,6.01360106139366
0,-30,5,-21.5427198335095
0.2,-30,5,-19.5653891369215
0.4,-30,5,-17.6590227600386
0.6,-30,5,-16.6769887229365
0.8,-30,5,-15.970641833022
0.85,-30,5,-14.2947739903063
0.9,-30,5,-13.0338726731364
1,-30,5,-11.9609266212341
1.1,-30,5,-11.7110524454318
1.4,-30,5,-10.9794128602158
2,-30,5,-9.61317924922611
3,-30,5,-7.71442831728195
5,-30,5,-5.98046331061706
0,-25,5,-17.8767360030072
0.2,-25,5,-16.0099565286461
0.4,-25,5,-14.2101738068597
0.6,-25,5,-13.2830446287462
0.8,-25,5,-12.6161891158335
0.85,-25,5,-11.2925218697491
0.9,-25,5,-10.2968175232295
1,-25,5,-9.44972555058265
1.1,-25,5,-9.25231255255303
1.4,-25,5,-8.67428097513664
2,-25,5,-7.59488862781518
3,-25,5,-6.0947811726008
5,-25,5,-4.72486277529132
0,-20,5,-13.6769874226533
0.2,-20,5,-12.0764035885654
0.4,-20,5,-10.5332630254049
0.6,-20,5,-9.73833893555893
0.8,-20,5,-9.16657447794633
0.85,-20,5,-8.20499751191232
0.9,-20,5,-7.48183386356905
1,-20,5,-6.86675603659557
1.1,-20,5,-6.72330352163458
1.4,-20,5,-6.30326996591696
2,-20,5,-5.51891661330898
3,-20,5,-4.42884559817773
5,-20,5,-3.43337801829779
0,-15,5,-9.43644610814152
0.2,-15,5,-8.18727556510319
0.4,-15,5,-6.9829364394577
0.6,-15,5,-6.36254047153703
0.8,-15,5,-5.91630872609836
0.85,-15,5,-5.2958301223873
0.9,-15,5,-4.82933891552781
1,-15,5,-4.43270439780424
1.1,-15,5,-4.34010134178261
1.4,-15,5,-4.06895662952953
2,-15,5,-3.56263216758438
3,-15,5,-2.85895745467193
5,-15,5,-2.21635219890212
0,-10,5,-5.42719127754574
0.2,-10,5,-4.5743889386699
0.4,-10,5,-3.75219277908703
0.6,-10,5,-3.32865162578299
0.8,-10,5,-3.02401149612932
0.85,-10,5,-2.70700847104363
0.9,-10,5,-2.46882252651331
1,-10,5,-2.26643745647435
1.1,-10,5,-2.21908960380559
1.4,-10,5,-2.08045357558774
2,-10,5,-1.82157036960402
3,-10,5,-1.4617821718373
5,-10,5,-1.13321872823717
0,-5,5,-2.16779673101774
0.2,-5,5,-1.73553685353541
0.4,-5,5,-1.31879032857134
0.6,-5,5,-1.10411004606031
0.8,-5,5,-0.949697119268999
0.85,-5,5,-0.850251460103697
0.9,-5,5,-0.775642315535851
1,-5,5,-0.712349342202431
1.1,-5,5,-0.697467743944804
1.4,-5,5,-0.653893947886842
2,-5,5,-0.572526036779056
3,-5,5,-0.459443328372881
5,-5,5,-0.356174671101216
0,0,5,-0.00844870603502473
0.2,0,5,-0.00844864508688236
0.4,0,5,-0.00844858632610475
0.6,0,5,-0.00844855605643342
0.8,0,5,-0.00844853428438948
0.85,0,5,-0.00756129496162556
0.9,0,5,-0.0068930412787713
1,0,5,-0.00632375341812353
1.1,0,5,-0.00619164470085027
1.4,0,5,-0.00580482614787708
2,0,5,-0.00508249712262304
3,0,5,-0.00407862567718412
5,0,5,-0.00316187670906176
0,5,5,2.15053371150581
0.2,5,5,1.71827395318043
0.4,5,5,1.3015275430969
0.6,5,5,1.08684731976474
0.8,5,5,0.932434435538966
0.85,5,5,0.834801650812767
0.9,5,5,0.761557932677925
1,5,5,0.699428171332824
1.1,5,5,0.684816507589779
1.4,5,5,0.642033088431108
2,5,5,0.562141094574085
3,5,5,0.451109572167741
5,5,5,0.349714085666412
0,10,5,5.4083851618516
0.2,10,5,4.55558293610909
0.4,10,5,3.73338688559931
0.6,10,5,3.30984578848253
0.8,10,5,3.00520569924262
0.85,10,5,2.6901776016484
0.9,10,5,2.45347913918654
1,10,5,2.25236126080775
1.1,10,5,2.20530747212768
1.4,10,5,2.06753247268169
2,10,5,1.81025711634403
3,10,5,1.45270346030527
5,10,5,1.12618063040388
0,15,5,9.41489615383572
0.2,15,5,8.16572571473548
0.4,15,5,6.96138668929785
0.6,15,5,6.34099077299765
0.8,15,5,5.894759064688
0.85,15,5,5.27654354077784
0.9,15,5,4.81175684746231
1,15,5,4.41657441135839
1.1,15,5,4.32430832480381
1.4,15,5,4.0541502699366
2,15,5,3.54966825133426
3,15,5,2.84855411150834
5,15,5,2.20828720567919
0,20,5,13.6525215207144
0.2,20,5,12.0519377958075
0.4,20,5,10.5087973379095
0.6,20,5,9.71387330228781
0.8,20,5,9.14210888367709
0.85,20,5,8.18310121983676
0.9,20,5,7.46187272658584
1,20,5,6.84844346565635
1.1,20,5,6.70537351625362
1.4,20,5,6.28646012473652
2,20,5,5.50419852059529
3,20,5,4.41703455541412
5,20,5,3.42422173282817
0,25,5,17.8507321032502
0.2,25,5,15.9839528112247
0.4,25,5,14.18417026523
0.6,25,5,13.2570411776728
0.8,25,5,12.5901857298945
0.85,25,5,11.2692492801569
0.9,25,5,10.2756017233582
1,25,5,9.43026193772087
1.1,25,5,9.23325555151792
1.4,25,5,8.65641454654562
2,25,5,7.57924542514344
3,25,5,6.08222774334133
5,25,5,4.71513096886044
0,30,5,21.5167154391237
0.2,30,5,19.5393850583944
0.4,30,5,17.6330189860345
0.6,30,5,16.6509851058024
0.8,30,5,15.9446383287198
0.85,30,5,14.2715012946919
0.9,30,5,13.0126567764478
1,30,5,11.9414629193144
1.1,30,5,11.6919953571992
1.4,30,5,10.9615463498749
2,30,5,9.59753597497712
3,30,5,7.70187483058283
5,30,5,5.97073145965719
0,-30,10,-20.8972729442811
0.2,-30,10,-18.9862743791118
0.4,-30,10,-17.1438595431936
0.6,-30,10,-16.1947691158373
0.8,-30,10,-15.5121175515503
0.85,-30,10,-13.8843582402428
0.9,-30,10,-12.6596467039129
1,-30,10,-11.6174899177411
1.1,-30,10,-11.3747904338287
1.4,-30,10,-10.6641585761282
2,-30,10,-9.33715392978468
3,-30,10,-7.49292224885436
5,-30,10,-5.80874495887056
0,-25,10,-17.2878529212528
0.2,-25,10,-15.4855190969021
0.4,-25,10,-13.7478691385064
0.6,-25,10,-12.8527466560673
0.8,-25,10,-12.2089125752964
0.85,-25,10,-10.9279732385056
0.9,-25,10,-9.96440735165212
1,-25,10,-9.1446544731264
1.1,-25,10,-8.95361467564006
1.4,-25,10,-8.39424403342039
2,-25,10,-7.34969834747895
3,-25,10,-5.8980197482364
5,-25,10,-4.5723272365632
0,-20,10,-13.1665817588576
0.2,-20,10,-11.6222280226944
0.4,-20,10,-10.1332995183651
0.6,-20,10,-9.36630190038694
0.8,-20,10,-8.81462409537989
0.85,-20,10,-7.8899703398298
0.9,-20,10,-7.19457869286631
1,-20,10,-6.60312522898451
1.1,-20,10,-6.46518019123276
1.4,-20,10,-6.06127270507804
2,-20,10,-5.30703251022585
3,-20,10,-4.25881186818794
5,-20,10,-3.30156261449226
0,-15,10,-9.07238859425167
0.2,-15,10,-7.86659472121041
0.4,-15,10,-6.70407552248268
0.6,-15,10,-6.10522241859926
0.8,-15,10,-5.67448579291984
0.85,-15,10,-5.07937373295975
0.9,-15,10,-4.63195891301315
1,-15,10,-4.25154886553487
1.1,-15,10,-4.16273030637969
1.4,-15,10,-3.90266672209322
2,-15,10,-3.41703470186606
3,-15,10,-2.74211773044102
5,-15,10,-2.12577443276743
0,-10,10,-5.24506898510055
0.2,-10,10,-4.42151539939627
0.4,-10,10,-3.62751828598622
0.6,-10,10,-3.21850341865287
0.8,-10,10,-2.92431159988228
0.85,-10,10,-2.61775922360956
0.9,-10,10,-2.38742479729968
1,-10,10,-2.19171040997398
1.1,-10,10,-2.14592367039836
1.4,-10,10,-2.0118586312884
2,-10,10,-1.76151110199695
3,-10,10,-1.41358553441576
5,-10,10,-1.09585520498699
0,-5,10,-2.11316753325651
0.2,-5,10,-1.69562815209112
0.4,-5,10,-1.29307382030853
0.6,-5,10,-1.08570441829474
0.8,-5,10,-0.93654998306956
0.85,-5,10,-0.838475166497105
0.9,-5,10,-0.764888585362339
1,-5,10,-0.702457650416806
1.1,-5,10,-0.687782698216838
1.4,-5,10,-0.644813968430437
2,-5,10,-0.564575933143733
3,-5,10,-0.453063492626595
5,-5,10,-0.351228825208403
0,0,10,-0.00802476653569195
0.2,0,10,-0.00802464407188134
0.4,0,10,-0.00802452600316814
0.6,0,10,-0.00802446518196584
0.8,0,10,-0.00802442143514499
0.85,0,10,-0.00718172119440119
0.9,0,10,-0.00654701363995237
1,0,10,-0.00600630389387728
1.1,0,10,-0.00588082697368312
1.4,0,10,-0.00551342653484116
2,0,10,-0.00482735809570659
3,0,10,-0.0038738805368866
5,0,10,-0.00300315194693864
0,5,10,2.09672477550258
0.2,5,10,1.67918563386345
0.4,5,10,1.27663153301078
0.6,5,10,1.06926224995683
0.8,5,10,0.920107900295804
0.85,5,10,0.823759781066561
0.9,5,10,0.751473719145482
1,5,10,0.690150701402664
1.1,5,10,0.675732852087692
1.4,5,10,0.633516927778418
2,5,10,0.554684650417024
3,5,10,0.445125890551059
5,5,10,0.345075350701332
0,10,10,5.22710084198094
0.2,10,10,4.40354748391991
0.4,10,10,3.60955058998322
0.6,10,10,3.20053583570806
0.8,10,10,2.90634409825675
0.85,10,10,2.60167861418146
0.9,10,10,2.3727653631611
1,10,10,2.17826168042334
1.1,10,10,2.13275589652268
1.4,10,10,1.9995135046224
2,10,10,1.75070215282948
3,10,10,1.40491151915237
5,10,10,1.08913084021167
0,15,10,9.05176056697339
0.2,15,10,7.84596690343234
0.4,15,10,6.68344790668606
0.6,15,10,6.08459490685014
0.8,15,10,5.6538583560089
0.85,15,10,5.06091252656842
0.9,15,10,4.61512927484605
1,15,10,4.23610916652211
1.1,15,10,4.14761315612822
1.4,15,10,3.88849400493955
2,15,10,3.4046255801597
3,15,10,2.7321596013557
5,15,10,2.11805458326106
0,20,10,13.1430398488979
0.2,20,10,11.5986863286808
0.4,20,10,10.1097580325476
0.6,20,10,9.34276052181832
0.8,20,10,8.79108279395208
0.85,20,10,7.86890127410259
0.9,20,10,7.17537167331065
1,20,10,6.58550449363439
1.1,20,10,6.44792756839283
1.4,20,10,6.04509792745119
2,20,10,5.29287045633254
3,20,10,4.24744703801542
5,20,10,3.2927522468172
0,25,10,17.2626865374838
0.2,25,10,15.4603530644026
0.4,25,10,13.7227034446695
0.6,25,10,12.8275811366871
0.8,25,10,12.1837471813976
0.85,25,10,10.9054506374665
0.9,25,10,9.94387525747477
1,25,10,9.12581809923011
1.1,25,10,8.93517181000208
1.4,25,10,8.37695337255891
2,25,10,7.33455926633544
3,25,10,5.88587086874052
5,25,10,4.56290904961505
0,30,10,20.8718906099002
0.2,30,10,18.9608926516619
0.4,30,10,17.1184784008925
0.6,30,10,16.1693882749662
0.8,30,10,15.4867369274886
0.85,30,10,13.8616430116869
0.9,30,10,12.6389390059788
1,30,10,11.5984924425374
1.1,30,10,11.35618983243
1.4,30,10,10.6467200339342
2,30,10,9.32188536906197
3,30,10,7.48066946398999
5,30,10,5.79924622126869
0,-30,15,-19.6909713125548
0.2,-30,15,-17.8867866031883
0.4,-30,15,-16.1473521860938
0.6,-30,15,-15.2513104684012
0.8,-30,15,-14.6068152099746
0.85,-30,15,-13.0740566707281
0.9,-30,15,-11.9208260480013
1,-30,15,-10.9394981896666
1.1,-30,15,-10.7109625435252
1.4,-30,15,-10.0418028562021
2,-30,15,-8.79224163177746
3,-30,15,-7.05563852063089
5,-30,15,-5.46974909483332
0,-25,15,-16.2414409515269
0.2,-25,15,-14.542954514939
0.4,-25,15,-12.905424970746
0.6,-25,15,-12.0618779125004
0.8,-25,15,-11.4551404486478
0.85,-25,15,-10.2532906226866
0.9,-25,15,-9.34922355681293
1,-25,15,-8.58009384633348
1.1,-25,15,-8.40084821210702
1.4,-25,15,-7.87601125744319
2,-25,15,-6.89595235653031
3,-25,15,-5.53389557758712
5,-25,15,-4.29004692316674
0,-20,15,-12.2997751721149
0.2,-20,15,-10.8458923309342
0.4,-20,15,-9.44418781628904
0.6,-20,15,-8.72212223643341
0.8,-20,15,-8.20276266499698
0.85,-20,15,-7.34230432294396
0.9,-20,15,-6.6952025388605
1,-20,15,-6.14483154591419
1.1,-20,15,-6.01646066240308
1.4,-20,15,-5.6405866063334
2,-20,15,-4.93869488358063
3,-20,15,-3.96322659471652
5,-20,15,-3.0724157729571
0,-15,15,-8.44792334557294
0.2,-15,15,-7.31190888608831
0.4,-15,15,-6.21666479113179
0.6,-15,15,-5.6524673770224
0.8,-15,15,-5.24665752349639
0.85,-15,15,-4.69642809122958
0.9,-15,15,-4.28277102981145
1,-15,15,-3.93107627074574
1.1,-15,15,-3.84895266324656
1.4,-15,15,-3.60849211171412
2,-15,15,-3.15946598702224
3,-15,15,-2.53542280299576
5,-15,15,-1.96553813537287
0,-10,15,-4.86150155254638
0.2,-10,15,-4.08504496969022
0.4,-10,15,-3.33645459721456
0.6,-10,15,-2.95083028358179
0.8,-10,15,-2.67346257093743
0.85,-10,15,-2.39322214726735
0.9,-10,15,-2.18267366374147
1,-10,15,-2.00378592339197
1.1,-10,15,-1.96192509003455
1.4,-10,15,-1.83935522999966
2,-10,15,-1.61047332440332
3,-10,15,-1.29238004367851
5,-10,15,-1.00189296169599
0,-5,15,-1.93507223065408
0.2,-5,15,-1.54124894248045
0.4,-5,15,-1.16155955804761
0.6,-5,15,-0.96596866662144
0.8,-5,15,-0.825286151927592
0.85,-5,15,-0.738880087871354
0.9,-5,15,-0.674066213129978
1,-5,15,-0.61909414012652
1.1,-5,15,-0.606160724271136
1.4,-5,15,-0.568291268648214
2,-5,15,-0.497575407796263
3,-5,15,-0.399296602754559
5,-5,15,-0.30954707006326
0,0,15,-0.00734929515632917
0.2,0,15,-0.00734911075954354
0.4,0,15,-0.00734893298056466
0.6,0,15,-0.00734884140057749
0.8,0,15,-0.00734877552990838
0.85,0,15,-0.00657702960764232
0.9,0,15,-0.00599576369336159
1,0,15,-0.00550058112557434
1.1,0,15,-0.00538566919452489
1.4,0,15,-0.00504920338208375
2,0,15,-0.00442090098949207
3,0,15,-0.00354770496805029
5,0,15,-0.00275029056278717
0,5,15,1.91993257936095
0.2,5,15,1.52610965257835
0.4,5,15,1.14642061656659
0.6,5,15,0.950829904623954
0.8,5,15,0.81014751902709
0.85,5,15,0.725331267893118
0.9,5,15,0.661714813241375
1,5,15,0.607762826822672
1.1,5,15,0.595066131972458
1.4,5,15,0.557889803030112
2,5,15,0.488468258378118
3,5,15,0.391988255584531
5,5,15,0.303881413411336
0,10,15,4.84471835112152
0.2,10,15,4.06826211334474
0.4,10,15,3.31967207356393
0.6,10,15,2.93404793131357
0.8,10,15,2.65668034193931
0.85,10,15,2.37820233666345
0.9,10,15,2.1689812767744
1,10,15,1.99122437354465
1.1,10,15,1.9496259619054
1.4,10,15,1.82782448106143
2,10,15,1.60037741510177
3,10,15,1.28427823192764
5,10,15,0.995612186772323
0,15,15,8.428412009988
0.2,15,15,7.29239787069966
0.4,15,15,6.19715408444791
0.6,15,15,5.63295682936284
0.8,15,15,5.22714709021813
0.85,15,15,4.67896658407431
0.9,15,15,4.26685273910865
1,15,15,3.91647265191269
1.1,15,15,3.83465412673157
1.4,15,15,3.59508686599206
2,15,15,3.1477288357149
3,15,15,2.52600391980819
5,15,15,1.95823632595634
0,20,15,12.2773100757236
0.2,20,15,10.8234275582153
0.4,20,15,9.42172335562625
0.6,20,15,8.6996579365213
0.8,20,15,8.18029848070791
0.85,20,15,7.32219925871908
0.9,20,15,6.6768743239411
1,20,15,6.12801703559394
1.1,20,15,5.99999742184987
1.4,20,15,5.62515189490221
2,20,15,4.92518080504681
3,20,15,3.95238175479203
5,20,15,3.06400851779697
0,25,15,16.2171800621813
0.2,25,15,14.5186941285327
0.4,25,15,12.8811650692289
0.6,25,15,12.0376182607662
0.8,25,15,11.4308809765747
0.85,25,15,10.2315788062185
0.9,25,15,9.32943059132512
1,25,15,8.56193555711046
1.1,25,15,8.38306926536284
1.4,25,15,7.85934303761976
2,25,15,6.88135826238628
3,25,15,5.52218404176625
5,25,15,4.28096777855523
0,30,15,19.6661625886614
0.2,30,15,17.8619787412215
0.4,30,15,16.12254515512
0.6,30,15,15.2265038655
0.8,30,15,14.5820089149729
0.85,30,15,13.0518554567717
0.9,30,15,11.9005869366582
1,30,15,10.9209306006001
1.1,30,15,10.6927828475678
1.4,30,15,10.0247589236846
2,30,15,8.7773185771033
3,30,15,7.04366299905014
5,30,15,5.46046530030007
